Date;;;Code;Debit/Credit;Amount;
20151030;30/10/15;5;BA;Af;9;
20151030;30/10/15;5;BA;Af;54;
20151029;29/10/15;4;IC;Af;188;
20151029;29/10/15;4;IC;Af;135;
20151028;28/10/15;3;BA;Af;12;
20151026;26/10/15;1;BA;Af;7;
20151026;26/10/15;1;BA;Af;27;
20151026;26/10/15;1;GT;Af;10;
20151026;26/10/15;1;GT;Af;2619;
20151026;26/10/15;1;IC;Af;22;
20151023;;;OV;Bij;2619;89
20151023;23/10/15;5;BA;Af;18;
20151023;23/10/15;5;GT;Af;3200;
20151023;23/10/15;5;BA;Af;4;
20151023;;;VZ;Bij;6238;25
20151022;22/10/15;4;GT;Af;1142;
20151022;OVBij;1142;;;;
20151022;22/10/15;4;IC;Af;53;
20151019;19/10/15;1;BA;Af;8;
20151019;19/10/15;1;BA;Af;10;
20151019;19/10/15;1;BA;Af;32;
20151019;19/10/15;1;GT;Af;22;
20151019;;;GT;Bij;100;
20151016;16/10/15;5;IC;Af;16;
20151015;15/10/15;4;BA;Af;25;
20151015;15/10/15;4;BA;Af;3;
20151015;15/10/15;4;IC;Af;13;
20151014;14/10/15;3;BA;Af;4;
20151014;14/10/15;3;BA;Af;8;
20151012;12/10/15;1;BA;Af;50;
20151012;12/10/15;1;BA;Af;13;
20151012;12/10/15;1;BA;Af;25;
20151012;;;GT;Bij;100;
20151012;12/10/15;1;BA;Af;32;
20151012;12/10/15;1;BA;Af;7;
20151012;12/10/15;1;BA;Af;5;
20151009;09/10/15;5;IC;Af;197;
20151008;08/10/15;4;DV;Af;9;
20151008;08/10/15;4;DV;Af;3;
20151007;07/10/15;3;IC;Af;24;
20151006;06/10/15;2;BA;Af;14;
20151005;;;GT;Bij;97;55
20151005;05/10/15;1;GT;Af;98;
20151005;05/10/15;1;IC;Af;64;
20151005;05/10/15;1;BA;Af;3;
20151005;05/10/15;1;BA;Af;1;
20151005;05/10/15;1;BA;Af;36;
20151005;05/10/15;1;BA;Af;4;
20151002;02/10/15;5;IC;Af;86;
20151002;02/10/15;5;IC;Af;86;
20151001;01/10/15;4;BA;Af;5;
20151001;01/10/15;4;IC;Af;990;
20151001;01/10/15;4;IC;Af;97;
20151001;01/10/15;4;IC;Af;209;
20151001;01/10/15;4;IC;Af;86;
20150930;30/09/15;3;BA;Af;6;
20150929;29/09/15;2;GM;Af;70;
20150929;29/09/15;2;BA;Af;6;
20150929;29/09/15;2;IC;Af;137;
20150928;28/09/15;1;BA;Af;6;
20150928;28/09/15;1;BA;Af;7;
20150928;28/09/15;1;IC;Af;188;
20150925;25/09/15;5;GT;Af;2619;
20150925;25/09/15;5;BA;Af;48;
20150925;25/09/15;5;IC;Af;22;
20150924;;;OV;Bij;2619;89
20150924;24/09/15;4;BA;Af;2;
20150924;24/09/15;4;IC;Af;16;
20150923;23/09/15;3;BA;Af;371;
20150923;23/09/15;3;GT;Af;114;
20150923;23/09/15;3;GT;Af;3238;
20150923;;;VZ;Bij;6238;25
20150922;22/09/15;2;BA;Af;9;
20150922;22/09/15;2;BA;Af;5;
20150922;22/09/15;2;BA;Af;2;
20150921;21/09/15;1;BA;Af;41;
20150921;21/09/15;1;IC;Af;53;
20150921;21/09/15;1;BA;Af;2;
20150921;21/09/15;1;BA;Af;0;
20150921;21/09/15;1;BA;Af;3;
20150918;18/09/15;5;BA;Af;1;
20150916;16/09/15;3;GT;Af;50;
20150916;16/09/15;3;IC;Af;17;
20150914;14/09/15;1;GT;Af;102;
20150914;14/09/15;1;BA;Af;5;
20150914;14/09/15;1;BA;Af;37;
20150914;14/09/15;1;BA;Af;3;
20150911;11/09/15;5;BA;Af;6;
20150910;10/09/15;4;BA;Af;1;
20150909;09/09/15;3;IC;Af;24;
20150909;09/09/15;3;IC;Af;197;
20150908;08/09/15;2;BA;Af;10;
20150908;08/09/15;2;BA;Af;3;
20150908;08/09/15;2;BA;Af;2;
20150907;07/09/15;1;IC;Af;64;
20150907;07/09/15;1;BA;Af;7;
20150902;02/09/15;3;IC;Af;86;
20150902;02/09/15;3;IC;Af;86;
20150901;01/09/15;2;IC;Af;86;
20150901;01/09/15;2;IC;Af;209;
20150901;01/09/15;2;IC;Af;260;
20150901;01/09/15;2;IC;Af;993;
20150831;31/08/15;1;BA;Af;49;
20150831;31/08/15;1;BA;Af;23;
20150831;31/08/15;1;BA;Af;17;
20150831;31/08/15;1;BA;Af;12;
20150831;31/08/15;1;BA;Af;3;
20150831;31/08/15;1;BA;Af;5;
20150831;31/08/15;1;BA;Af;10;
20150828;28/08/15;5;IC;Af;143;
20150827;27/08/15;4;BA;Af;17;
20150827;27/08/15;4;BA;Af;15;
20150827;27/08/15;4;IC;Af;188;
20150826;26/08/15;3;IC;Af;22;
20150824;24/08/15;1;GT;Af;2623;
20150824;;;OV;Bij;2623;39
20150824;24/08/15;1;BA;Af;10;
20150824;24/08/15;1;BA;Af;49;
20150821;21/08/15;5;GT;Af;224;
20150821;21/08/15;5;GT;Af;3200;
20150821;;;VZ;Bij;6238;25
20150820;20/08/15;4;IC;Af;53;
20150819;19/08/15;3;BA;Af;1;
20150819;19/08/15;3;BA;Af;26;
20150819;19/08/15;3;IC;Af;16;
20150818;18/08/15;2;BA;Af;5;
20150817;17/08/15;1;BA;Af;50;
20150817;17/08/15;1;BA;Af;5;
20150817;17/08/15;1;BA;Af;1;
20150817;17/08/15;1;BA;Af;12;
20150813;13/08/15;4;BA;Af;17;
20150811;11/08/15;2;BA;Af;5;
20150811;11/08/15;2;BA;Af;2;
20150811;11/08/15;2;IC;Af;24;
20150810;10/08/15;1;BA;Af;12;
20150810;10/08/15;1;BA;Af;10;
20150810;10/08/15;1;BA;Af;7;
20150810;10/08/15;1;BA;Af;4;
20150810;10/08/15;1;IC;Af;197;
20150807;07/08/15;5;BA;Af;68;
20150807;07/08/15;5;BA;Af;2;
20150806;06/08/15;4;IC;Af;24;
20150805;05/08/15;3;BA;Af;29;
20150805;05/08/15;3;BA;Af;6;
20150805;05/08/15;3;BA;Af;5;
20150805;05/08/15;3;IC;Af;64;
20150804;04/08/15;2;IC;Af;86;
20150804;04/08/15;2;IC;Af;86;
20150803;03/08/15;1;BA;Af;17;
20150803;03/08/15;1;GT;Af;11;
20150803;03/08/15;1;IC;Af;209;
20150803;03/08/15;1;IC;Af;994;
20150803;03/08/15;1;IC;Af;86;
20150803;03/08/15;1;BA;Af;15;
20150803;03/08/15;1;BA;Af;3;
20150731;31/07/15;5;BA;Af;7;
20150730;;;VZ;Bij;18;2
20150730;30/07/15;4;BA;Af;7;
20150730;30/07/15;4;IC;Af;1059;
20150730;30/07/15;4;IC;Af;145;
20150728;28/07/15;2;BA;Af;5;
20150727;27/07/15;1;BA;Af;13;
20150727;27/07/15;1;BA;Af;4;
20150727;27/07/15;1;BA;Af;34;
20150727;27/07/15;1;BA;Af;25;
20150727;27/07/15;1;GT;Af;500;
20150727;;;GT;Bij;500;
20150727;27/07/15;1;IC;Af;22;
20150727;27/07/15;1;IC;Af;188;
20150727;27/07/15;1;BA;Af;5;
20150727;27/07/15;1;BA;Af;14;
20150724;24/07/15;5;GT;Af;2616;
20150724;;;OV;Bij;2616;39
20150724;24/07/15;5;BA;Af;3;
20150724;24/07/15;5;IC;Af;17;
20150723;23/07/15;4;BA;Af;3;
20150723;23/07/15;4;GM;Af;20;
20150723;23/07/15;4;GT;Af;3000;
20150723;;;VZ;Bij;6238;25
20150722;22/07/15;3;BA;Af;50;
20150721;21/07/15;2;BA;Af;85;
20150721;21/07/15;2;GT;Af;4500;
20150721;;;GT;Bij;4500;
20150721;21/07/15;2;GT;Af;21;
20150720;20/07/15;1;IC;Af;53;
20150717;17/07/15;5;BA;Af;11;
20150716;16/07/15;4;BA;Af;5;
20150716;16/07/15;4;BA;Af;1;
20150715;15/07/15;3;BA;Af;3;
20150714;14/07/15;2;GT;Af;21;
20150713;13/07/15;1;GT;Af;25;
20150710;10/07/15;5;DV;Af;3;
20150710;10/07/15;5;DV;Af;9;
20150709;09/07/15;4;IC;Af;197;
20150708;08/07/15;3;IC;Af;24;
20150706;06/07/15;1;IC;Af;64;
20150702;02/07/15;4;IC;Af;86;
20150702;02/07/15;4;IC;Af;86;
20150702;02/07/15;4;IC;Af;100;
20150701;01/07/15;3;IC;Af;209;
20150701;01/07/15;3;IC;Af;996;
20150701;01/07/15;3;IC;Af;86;
20150629;29/06/15;1;IC;Af;145;
20150626;26/06/15;5;IC;Af;22;
20150626;26/06/15;5;IC;Af;188;
20150625;25/06/15;4;BA;Af;15;
20150624;24/06/15;3;GT;Af;2660;
20150624;;;OV;Bij;2660;19
20150624;24/06/15;3;BA;Af;6;
20150623;23/06/15;2;GT;Af;3238;
20150623;;;VZ;Bij;6238;25
20150623;23/06/15;2;GT;Af;200;
20150623;;;GT;Bij;200;
20150622;22/06/15;1;BA;Af;26;
20150622;22/06/15;1;BA;Af;45;
20150622;22/06/15;1;BA;Af;20;
20150622;22/06/15;1;BA;Af;8;
20150622;22/06/15;1;GT;Af;12;
20150622;22/06/15;1;GT;Af;10;
20150618;18/06/15;4;BA;Af;0;
20150618;18/06/15;4;IC;Af;16;
20150618;18/06/15;4;IC;Af;52;
20150618;18/06/15;4;IC;Af;13;
20150616;;;OV;Bij;15;4
20150615;15/06/15;1;BA;Af;9;
20150615;15/06/15;1;BA;Af;30;
20150615;15/06/15;1;BA;Af;29;
20150615;15/06/15;1;BA;Af;18;
20150615;15/06/15;1;BA;Af;3;
20150615;15/06/15;1;BA;Af;42;
20150615;15/06/15;1;BA;Af;18;
20150615;15/06/15;1;BA;Af;20;
20150615;15/06/15;1;BA;Af;4;
20150612;12/06/15;5;BA;Af;14;
20150612;12/06/15;5;BA;Af;6;
20150609;09/06/15;2;BA;Af;6;
20150609;09/06/15;2;IC;Af;19;
20150609;09/06/15;2;IC;Af;24;
20150609;09/06/15;2;IC;Af;197;
20150608;08/06/15;1;BA;Af;10;
20150608;08/06/15;1;BA;Af;53;
20150608;08/06/15;1;BA;Af;5;
20150608;08/06/15;1;BA;Af;8;
20150605;05/06/15;5;BA;Af;5;
20150605;05/06/15;5;IC;Af;64;
20150604;04/06/15;4;BA;Af;2;
20150603;03/06/15;3;GT;Af;722;
20150603;03/06/15;3;BA;Af;6;
20150602;;;VZ;Bij;721;99
20150602;02/06/15;2;IC;Af;86;
20150602;02/06/15;2;IC;Af;86;
20150601;01/06/15;1;BA;Af;2;
20150601;01/06/15;1;BA;Af;20;
20150601;01/06/15;1;BA;Af;10;
20150601;01/06/15;1;BA;Af;20;
20150601;01/06/15;1;BA;Af;48;
20150601;01/06/15;1;BA;Af;13;
20150601;01/06/15;1;BA;Af;32;
20150601;01/06/15;1;IC;Af;86;
20150601;01/06/15;1;IC;Af;209;
20150601;01/06/15;1;IC;Af;1000;
20150601;01/06/15;1;BA;Af;15;
20150601;01/06/15;1;BA;Af;3;
20150529;29/05/15;5;BA;Af;13;
20150529;29/05/15;5;BA;Af;18;
20150529;29/05/15;5;IC;Af;188;
20150528;28/05/15;4;BA;Af;5;
20150528;28/05/15;4;IC;Af;147;
20150527;27/05/15;3;BA;Af;30;
20150527;27/05/15;3;BA;Af;5;
20150526;26/05/15;2;BA;Af;55;
20150526;26/05/15;2;IC;Af;22;
20150525;25/05/15;1;BA;Af;10;
20150525;25/05/15;1;BA;Af;7;
20150525;25/05/15;1;IC;Af;52;
20150525;25/05/15;1;IC;Af;22;
20150525;25/05/15;1;BA;Af;14;
20150525;25/05/15;1;BA;Af;17;
20150525;25/05/15;1;BA;Af;70;
20150522;22/05/15;5;GT;Af;3700;
20150522;;;OV;Bij;3977;53
20150522;22/05/15;5;GT;Af;329;
20150522;22/05/15;5;GT;Af;3238;
20150522;22/05/15;5;BA;Af;5;
20150522;;;VZ;Bij;6238;25
20150521;21/05/15;4;BA;Af;11;
20150519;19/05/15;2;GT;Af;95;
20150518;18/05/15;1;BA;Af;14;
20150518;18/05/15;1;BA;Af;17;
20150518;18/05/15;1;BA;Af;11;
20150518;18/05/15;1;BA;Af;32;
20150518;18/05/15;1;BA;Af;19;
20150518;18/05/15;1;BA;Af;15;
20150518;18/05/15;1;BA;Af;14;
20150515;15/05/15;5;IC;Af;13;
20150514;14/05/15;4;GM;Af;150;
20150512;;;OV;Bij;49;99
20150511;11/05/15;1;BA;Af;4;
20150511;11/05/15;1;BA;Af;49;
20150511;11/05/15;1;BA;Af;13;
20150511;11/05/15;1;BA;Af;90;
20150511;11/05/15;1;BA;Af;54;
20150511;11/05/15;1;BA;Af;23;
20150511;11/05/15;1;IC;Af;197;
20150508;08/05/15;5;BA;Af;4;
20150508;08/05/15;5;IC;Af;24;
20150507;07/05/15;4;BA;Af;5;
20150507;07/05/15;4;BA;Af;4;
20150506;;;VZ;Bij;157;58
20150506;06/05/15;3;BA;Af;26;
20150506;06/05/15;3;IC;Af;86;
20150506;06/05/15;3;IC;Af;86;
20150506;06/05/15;3;IC;Af;64;
20150504;04/05/15;1;BA;Af;62;
20150504;04/05/15;1;BA;Af;50;
20150504;04/05/15;1;BA;Af;3;
20150504;04/05/15;1;IC;Af;86;
20150504;04/05/15;1;IC;Af;209;
20150504;04/05/15;1;IC;Af;1002;
20150504;04/05/15;1;BA;Af;21;
20150504;04/05/15;1;BA;Af;3;
20150430;30/04/15;4;BA;Af;6;
20150430;30/04/15;4;IC;Af;22;
20150430;30/04/15;4;IC;Af;302;
20150429;29/04/15;3;BA;Af;2;
20150429;29/04/15;3;BA;Af;3;
20150429;29/04/15;3;IC;Af;150;
20150428;28/04/15;2;IC;Af;52;
20150427;27/04/15;1;BA;Af;7;
20150427;27/04/15;1;GT;Af;13015;
20150427;;;GT;Bij;13015;
20150427;27/04/15;1;BA;Af;4;
20150427;27/04/15;1;BA;Af;33;
20150427;27/04/15;1;BA;Af;5;
20150427;27/04/15;1;BA;Af;24;
20150427;27/04/15;1;IC;Af;188;
20150427;27/04/15;1;IC;Af;22;
20150424;24/04/15;5;GT;Af;2601;
20150424;;;OV;Bij;2601;49
20150423;23/04/15;4;GT;Af;2893;
20150423;23/04/15;4;GT;Af;484;
20150423;;;VZ;Bij;6394;25
20150420;;;OV;Bij;13;
20150420;20/04/15;1;BA;Af;50;
20150420;20/04/15;1;BA;Af;7;
20150420;20/04/15;1;BA;Af;50;
20150417;;;VZ;Bij;249;72
20150417;17/04/15;5;IC;Af;13;
20150416;16/04/15;4;BA;Af;5;
20150415;;;OV;Bij;55;3
20150415;15/04/15;3;BA;Af;7;
20150415;15/04/15;3;BA;Af;5;
20150415;15/04/15;3;BA;Af;20;
20150414;14/04/15;2;BA;Af;14;
20150414;14/04/15;2;BA;Af;5;
20150413;13/04/15;1;GT;Af;41;
20150413;13/04/15;1;BA;Af;86;
20150413;13/04/15;1;BA;Af;3;
20150413;13/04/15;1;BA;Af;41;
20150413;13/04/15;1;GT;Af;100;
20150413;13/04/15;1;GM;Af;70;
20150413;13/04/15;1;BA;Af;5;
20150410;10/04/15;5;IC;Af;24;
20150409;09/04/15;4;BA;Af;2;
20150409;09/04/15;4;DV;Af;3;
20150409;09/04/15;4;DV;Af;9;
20150409;09/04/15;4;IC;Af;199;
20150408;08/04/15;3;BA;Af;10;
20150408;08/04/15;3;IC;Af;64;
20150407;07/04/15;2;BA;Af;7;
20150407;07/04/15;2;BA;Af;11;
20150407;07/04/15;2;BA;Af;60;
20150407;07/04/15;2;IC;Af;85;
20150402;02/04/15;4;IC;Af;86;
20150402;02/04/15;4;IC;Af;86;
20150401;01/04/15;3;BA;Af;8;
20150401;01/04/15;3;BA;Af;20;
20150401;01/04/15;3;BA;Af;5;
20150401;01/04/15;3;IC;Af;1005;
20150401;01/04/15;3;IC;Af;738;
20150401;01/04/15;3;IC;Af;86;
20150401;01/04/15;3;IC;Af;209;
20150331;31/03/15;2;BA;Af;17;
20150330;30/03/15;1;GT;Af;84;
20150330;30/03/15;1;BA;Af;90;
20150330;30/03/15;1;BA;Af;48;
20150330;30/03/15;1;BA;Af;13;
20150330;30/03/15;1;IC;Af;155;
20150327;27/03/15;5;IC;Af;188;
20150326;26/03/15;4;BA;Af;11;
20150326;26/03/15;4;BA;Af;1;
20150326;26/03/15;4;BA;Af;5;
20150326;26/03/15;4;IC;Af;22;
20150324;24/03/15;2;GT;Af;2601;
20150324;;;OV;Bij;2601;49
20150324;24/03/15;2;BA;Af;5;
20150323;23/03/15;1;GT;Af;550;
20150323;23/03/15;1;GT;Af;2000;
20150323;23/03/15;1;BA;Af;6;
20150323;23/03/15;1;BA;Af;10;
20150323;;;VZ;Bij;6040;18
20150323;23/03/15;1;BA;Af;3;
20150319;19/03/15;4;GT;Af;16;
20150317;17/03/15;2;BA;Af;3;
20150317;17/03/15;2;IC;Af;52;
20150316;16/03/15;1;BA;Af;4;
20150316;16/03/15;1;BA;Af;60;
20150316;16/03/15;1;BA;Af;6;
20150316;16/03/15;1;BA;Af;24;
20150316;16/03/15;1;BA;Af;8;
20150316;16/03/15;1;IC;Af;17;
20150316;16/03/15;1;BA;Af;3;
20150316;16/03/15;1;BA;Af;2;
20150313;13/03/15;5;BA;Af;1;
20150313;13/03/15;5;IC;Af;13;
20150312;12/03/15;4;BA;Af;3;
20150310;10/03/15;2;IC;Af;189;
20150309;09/03/15;1;BA;Af;4;
20150309;09/03/15;1;BA;Af;32;
20150309;09/03/15;1;BA;Af;23;
20150309;09/03/15;1;GT;Af;30;
20150309;09/03/15;1;IC;Af;24;
20150309;09/03/15;1;IC;Af;199;
20150309;09/03/15;1;BA;Af;12;
20150309;09/03/15;1;BA;Af;7;
20150306;06/03/15;5;BA;Af;8;
20150305;05/03/15;4;GT;Af;26;
20150305;05/03/15;4;BA;Af;5;
20150305;05/03/15;4;IC;Af;64;
20150304;04/03/15;3;IC;Af;1523;
20150303;03/03/15;2;BA;Af;20;
20150303;03/03/15;2;IC;Af;86;
20150303;03/03/15;2;IC;Af;86;
20150302;02/03/15;1;BA;Af;4;
20150302;02/03/15;1;BA;Af;2;
20150302;02/03/15;1;BA;Af;10;
20150302;02/03/15;1;BA;Af;3;
20150302;02/03/15;1;BA;Af;12;
20150302;02/03/15;1;BA;Af;20;
20150302;02/03/15;1;BA;Af;55;
20150302;02/03/15;1;BA;Af;23;
20150302;02/03/15;1;IC;Af;229;
20150302;02/03/15;1;IC;Af;86;
20150302;02/03/15;1;IC;Af;1006;
20150302;02/03/15;1;BA;Af;41;
20150302;02/03/15;1;BA;Af;7;
20150227;27/02/15;5;BA;Af;1;
20150227;27/02/15;5;BA;Af;5;
20150227;27/02/15;5;BA;Af;7;
20150227;27/02/15;5;GT;Af;23000;
20150227;;;GT;Bij;23000;
20150227;27/02/15;5;IC;Af;188;
20150226;26/02/15;4;IC;Af;22;
20150226;26/02/15;4;IC;Af;156;
20150225;25/02/15;3;BA;Af;5;
20150224;24/02/15;2;GT;Af;2648;
20150224;;;OV;Bij;2647;81
20150224;;;GT;Bij;50000;
20150224;24/02/15;2;GT;Af;50000;
20150223;23/02/15;1;GT;Af;21;
20150223;23/02/15;1;GT;Af;1000;
20150223;23/02/15;1;GT;Af;718;
20150223;23/02/15;1;BA;Af;64;
20150223;23/02/15;1;BA;Af;4;
20150223;;;VZ;Bij;6040;18
20150223;23/02/15;1;GT;Af;50000;
20150223;;;GT;Bij;50000;
20150223;23/02/15;1;IC;Af;15;
20150220;20/02/15;5;BA;Af;5;
20150220;20/02/15;5;GT;Af;50000;
20150219;;;GT;Bij;50000;
20150219;19/02/15;4;IC;Af;52;
20150216;16/02/15;1;BA;Af;11;
20150216;16/02/15;1;BA;Af;2;
20150216;16/02/15;1;IC;Af;16;
20150216;16/02/15;1;BA;Af;2;
20150216;16/02/15;1;BA;Af;32;
20150216;16/02/15;1;BA;Af;16;
20150213;13/02/15;5;IC;Af;13;
20150210;10/02/15;2;GT;Af;3;
20150210;10/02/15;2;IC;Af;24;
20150210;10/02/15;2;IC;Af;191;
20150209;09/02/15;1;BA;Af;18;
20150209;09/02/15;1;BA;Af;21;
20150209;09/02/15;1;IC;Af;199;
20150209;09/02/15;1;BA;Af;7;
20150209;09/02/15;1;BA;Af;37;
20150205;05/02/15;4;BA;Af;3;
20150205;05/02/15;4;IC;Af;64;
20150204;04/02/15;3;BA;Af;6;
20150204;04/02/15;3;BA;Af;3;
20150204;04/02/15;3;BA;Af;2;
20150204;04/02/15;3;BA;Af;2;
20150204;04/02/15;3;BA;Af;10;
20150203;03/02/15;2;BA;Af;1;
20150203;03/02/15;2;BA;Af;5;
20150203;03/02/15;2;IC;Af;86;
20150203;03/02/15;2;IC;Af;86;
20150202;02/02/15;1;BA;Af;30;
20150202;02/02/15;1;BA;Af;28;
20150202;02/02/15;1;IC;Af;1000;
20150202;02/02/15;1;IC;Af;229;
20150202;02/02/15;1;IC;Af;86;
20150202;02/02/15;1;BA;Af;3;
20150130;30/01/15;5;IC;Af;432;
20150129;29/01/15;4;BA;Af;10;
20150129;29/01/15;4;IC;Af;188;
20150129;29/01/15;4;IC;Af;158;
20150128;28/01/15;3;GT;Af;20;
20150128;;;VZ;Bij;25;54
20150128;;;VZ;Bij;10;3
20150127;27/01/15;2;BA;Af;6;
20150126;26/01/15;1;BA;Af;10;
20150126;26/01/15;1;BA;Af;46;
20150126;26/01/15;1;BA;Af;12;
20150126;26/01/15;1;BA;Af;3;
20150126;26/01/15;1;BA;Af;60;
20150126;26/01/15;1;BA;Af;8;
20150126;26/01/15;1;BA;Af;16;
20150126;26/01/15;1;BA;Af;6;
20150126;26/01/15;1;BA;Af;3;
20150126;26/01/15;1;BA;Af;29;
20150123;23/01/15;5;GT;Af;2614;
20150123;;;OV;Bij;2613;57
20150123;23/01/15;5;BA;Af;7;
20150123;23/01/15;5;BA;Af;9;
20150123;23/01/15;5;GT;Af;2200;
20150123;23/01/15;5;GT;Af;1000;
20150123;23/01/15;5;GT;Af;600;
20150123;;;VZ;Bij;7213;52
20150122;22/01/15;4;IC;Af;52;
20150121;21/01/15;3;GT;Af;66;
20150120;20/01/15;2;BA;Af;1;
20150119;;;VZ;Bij;54;49
20150119;19/01/15;1;BA;Af;28;
20150119;19/01/15;1;BA;Af;5;
20150116;16/01/15;5;GT;Af;140;
20150116;16/01/15;5;IC;Af;22;
20150116;16/01/15;5;IC;Af;13;
20150115;15/01/15;4;BA;Af;6;
20150114;14/01/15;3;BA;Af;15;
20150114;14/01/15;3;BA;Af;3;
20150112;12/01/15;1;BA;Af;40;
20150112;12/01/15;1;BA;Af;16;
20150112;12/01/15;1;GT;Af;320;
20150109;09/01/15;5;DV;Af;3;
20150109;09/01/15;5;DV;Af;9;
20150109;09/01/15;5;IC;Af;199;
20150108;08/01/15;4;BA;Af;12;
20150108;08/01/15;4;BA;Af;31;
20150108;08/01/15;4;BA;Af;3;
20150107;07/01/15;3;IC;Af;24;
20150106;06/01/15;2;BA;Af;6;
20150105;05/01/15;1;GT;Af;67;
20150105;05/01/15;1;GT;Af;2100;
20150105;;;OV;Bij;2100;
20150105;05/01/15;1;BA;Af;2;
20150105;05/01/15;1;BA;Af;29;
20150105;05/01/15;1;BA;Af;23;
20150105;05/01/15;1;BA;Af;5;
20150105;05/01/15;1;BA;Af;6;
20150105;05/01/15;1;IC;Af;1286;
20150105;05/01/15;1;IC;Af;64;
20150102;02/01/15;5;IC;Af;997;
20150102;02/01/15;5;IC;Af;86;
20150102;02/01/15;5;IC;Af;229;
20141231;31/12/14;3;BA;Af;7;
20141231;31/12/14;3;BA;Af;5;
20141231;31/12/14;3;BA;Af;18;
20141231;31/12/14;3;IC;Af;86;
20141231;31/12/14;3;IC;Af;86;
20141230;30/12/14;2;BA;Af;50;
20141230;30/12/14;2;IC;Af;68;
20141230;30/12/14;2;IC;Af;158;
20141229;29/12/14;1;GT;Af;450;
20141229;29/12/14;1;IC;Af;188;
20141229;29/12/14;1;BA;Af;3;
20141229;29/12/14;1;BA;Af;4;
20141224;24/12/14;3;GT;Af;8900;
20141223;;;VZ;Bij;13996;67
20141222;22/12/14;1;BA;Af;3;
20141222;22/12/14;1;GM;Af;250;
20141222;22/12/14;1;BA;Af;5;
20141219;19/12/14;5;GT;Af;2599;
20141219;;;OV;Bij;2599;93
20141219;19/12/14;5;BA;Af;14;
20141219;19/12/14;5;BA;Af;9;
20141219;19/12/14;5;BA;Af;40;
20141219;19/12/14;5;BA;Af;7;
20141218;18/12/14;4;BA;Af;15;
20141218;18/12/14;4;IC;Af;52;
20141217;17/12/14;3;GT;Af;1281;
20141217;;;OV;Bij;1281;
20141216;16/12/14;2;BA;Af;7;
20141216;16/12/14;2;IC;Af;23;
20141215;;;VZ;Bij;25;8
20141215;15/12/14;1;BA;Af;26;
20141215;15/12/14;1;BA;Af;99;
20141215;15/12/14;1;BA;Af;28;
20141215;15/12/14;1;BA;Af;19;
20141215;15/12/14;1;BA;Af;9;
20141212;12/12/14;5;BA;Af;2;
20141212;12/12/14;5;BA;Af;4;
20141212;12/12/14;5;IC;Af;13;
20141211;11/12/14;4;BA;Af;7;
20141210;10/12/14;3;BA;Af;9;
20141210;10/12/14;3;BA;Af;1;
20141209;09/12/14;2;GM;Af;200;
20141209;09/12/14;2;BA;Af;32;
20141209;09/12/14;2;IC;Af;24;
20141209;09/12/14;2;IC;Af;199;
20141209;09/12/14;2;IC;Af;6;
20141208;08/12/14;1;BA;Af;10;
20141205;05/12/14;5;BA;Af;10;
20141205;05/12/14;5;IC;Af;64;
20141203;03/12/14;3;BA;Af;7;
20141202;02/12/14;2;BA;Af;15;
20141202;02/12/14;2;BA;Af;3;
20141202;02/12/14;2;IC;Af;1243;
20141202;02/12/14;2;IC;Af;86;
20141202;02/12/14;2;IC;Af;86;
20141201;01/12/14;1;BA;Af;13;
20141201;01/12/14;1;BA;Af;5;
20141201;01/12/14;1;BA;Af;39;
20141201;01/12/14;1;BA;Af;3;
20141201;01/12/14;1;BA;Af;6;
20141201;01/12/14;1;GT;Af;10;
20141201;01/12/14;1;OV;Af;12326;
20141201;;;GT;Bij;12326;
20141201;01/12/14;1;BA;Af;10;
20141201;01/12/14;1;IC;Af;997;
20141201;01/12/14;1;IC;Af;86;
20141201;01/12/14;1;IC;Af;229;
20141127;27/11/14;4;BA;Af;5;
20141127;27/11/14;4;IC;Af;187;
20141127;27/11/14;4;IC;Af;157;
20141126;26/11/14;3;BA;Af;3;
20141126;26/11/14;3;BA;Af;25;
20141126;26/11/14;3;GT;Af;25;
20141125;25/11/14;2;BA;Af;50;
20141125;25/11/14;2;BA;Af;40;
20141124;24/11/14;1;GT;Af;2641;
20141124;;;OV;Bij;2641;78
20141124;24/11/14;1;BA;Af;9;
20141124;24/11/14;1;BA;Af;35;
20141124;24/11/14;1;BA;Af;15;
20141124;24/11/14;1;BA;Af;1;
20141121;;;OV;Bij;45;
20141121;21/11/14;5;OV;Af;500;
20141121;21/11/14;5;OV;Af;157;
20141121;;;VZ;Bij;4999;83
20141120;;;VZ;Bij;157;2
20141120;20/11/14;4;BA;Af;14;
20141120;20/11/14;4;BA;Af;1;
20141119;19/11/14;3;BA;Af;1;
20141119;19/11/14;3;BA;Af;5;
20141118;18/11/14;2;BA;Af;2;
20141118;18/11/14;2;IC;Af;21;
20141118;18/11/14;2;IC;Af;52;
20141117;17/11/14;1;OV;Af;1281;
20141117;;;OV;Bij;1281;
20141117;17/11/14;1;BA;Af;46;
20141117;17/11/14;1;BA;Af;10;
20141117;17/11/14;1;BA;Af;3;
20141114;;;OV;Bij;300;
20141114;14/11/14;5;GT;Af;1178;
20141114;;;OV;Bij;300;
20141114;;;VZ;Bij;273;78
20141114;14/11/14;5;IC;Af;13;
20141113;13/11/14;4;BA;Af;5;
20141113;13/11/14;4;IC;Af;24;
20141112;12/11/14;3;BA;Af;32;
20141112;12/11/14;3;BA;Af;157;
20141112;12/11/14;3;BA;Af;2;
20141110;10/11/14;1;BA;Af;55;
20141110;10/11/14;1;BA;Af;16;
20141110;10/11/14;1;OV;Af;10000;
20141110;;;OV;Bij;10000;
20141110;10/11/14;1;IC;Af;199;
20141106;06/11/14;4;BA;Af;4;
20141105;05/11/14;3;BA;Af;8;
20141105;05/11/14;3;IC;Af;64;
20141104;04/11/14;2;BA;Af;5;
20141104;04/11/14;2;OV;Af;100;
20141104;04/11/14;2;IC;Af;86;
20141104;04/11/14;2;IC;Af;86;
20141103;03/11/14;1;IC;Af;86;
20141103;03/11/14;1;IC;Af;229;
20141103;03/11/14;1;IC;Af;997;
20141031;31/10/14;5;OV;Af;500;
20141030;30/10/14;4;IC;Af;156;
20141030;30/10/14;4;IC;Af;187;
20141030;30/10/14;4;IC;Af;76;
20141028;28/10/14;2;IC;Af;22;
20141027;27/10/14;1;BA;Af;11;
20141024;24/10/14;5;OV;Af;2599;
20141024;;;OV;Bij;2599;93
20141024;24/10/14;5;BA;Af;20;
20141024;24/10/14;5;IC;Af;6;
20141023;23/10/14;4;OV;Af;1000;
20141023;23/10/14;4;OV;Af;369;
20141023;23/10/14;4;BA;Af;12;
20141023;23/10/14;4;BA;Af;7;
20141023;;;VZ;Bij;4999;83
20141022;22/10/14;3;BA;Af;4;
20141021;21/10/14;2;BA;Af;16;
20141021;21/10/14;2;BA;Af;2;
20141021;21/10/14;2;BA;Af;59;
20141020;20/10/14;1;BA;Af;8;
20141020;20/10/14;1;BA;Af;1;
20141020;20/10/14;1;IC;Af;21;
20141020;20/10/14;1;IC;Af;52;
20141017;17/10/14;5;OV;Af;1100;
20141017;;;OV;Bij;1281;
20141017;17/10/14;5;BA;Af;1;
20141017;17/10/14;5;IC;Af;13;
20141014;14/10/14;2;BA;Af;35;
20141014;14/10/14;2;BA;Af;2;
20141014;14/10/14;2;BA;Af;67;
20141014;14/10/14;2;BA;Af;10;
20141014;14/10/14;2;DV;Af;3;
20141014;14/10/14;2;DV;Af;9;
20141013;13/10/14;1;BA;Af;1;
20141009;09/10/14;4;IC;Af;199;
20141008;08/10/14;3;BA;Af;1;
20141008;08/10/14;3;IC;Af;24;
20141007;07/10/14;2;BA;Af;1;
20141007;07/10/14;2;BA;Af;5;
20141007;07/10/14;2;BA;Af;12;
20141007;07/10/14;2;BA;Af;7;
20141007;07/10/14;2;BA;Af;23;
20141007;07/10/14;2;BA;Af;3;
20141007;07/10/14;2;BA;Af;40;
20141007;07/10/14;2;BA;Af;40;
20141006;06/10/14;1;BA;Af;5;
20141006;06/10/14;1;OV;Af;2;
20141006;06/10/14;1;IC;Af;64;
20141002;02/10/14;4;BA;Af;2;
20141002;02/10/14;4;IC;Af;86;
20141002;02/10/14;4;IC;Af;86;
20141001;01/10/14;3;OV;Af;999;
20141001;01/10/14;3;IC;Af;1010;
20141001;01/10/14;3;IC;Af;229;
20141001;01/10/14;3;IC;Af;86;
20140930;;;VZ;Bij;15;42
20140930;30/09/14;2;BA;Af;1;
20140930;30/09/14;2;BA;Af;10;
20140930;30/09/14;2;BA;Af;35;
20140930;30/09/14;2;BA;Af;30;
20140930;30/09/14;2;BA;Af;7;
20140930;30/09/14;2;BA;Af;12;
20140929;29/09/14;1;BA;Af;2;
20140929;29/09/14;1;BA;Af;22;
20140929;29/09/14;1;IC;Af;167;
20140926;26/09/14;5;BA;Af;7;
20140926;26/09/14;5;BA;Af;2;
20140926;26/09/14;5;BA;Af;14;
20140926;26/09/14;5;IC;Af;33;
20140926;26/09/14;5;IC;Af;187;
20140925;25/09/14;4;GT;Af;25;
20140923;23/09/14;2;OV;Af;323;
20140923;23/09/14;2;OV;Af;1000;
20140923;23/09/14;2;BA;Af;8;
20140923;23/09/14;2;BA;Af;11;
20140923;23/09/14;2;BA;Af;26;
20140923;23/09/14;2;BA;Af;2;
20140923;23/09/14;2;BA;Af;71;
20140923;23/09/14;2;BA;Af;5;
20140923;;;VZ;Bij;4999;83
20140918;18/09/14;4;IC;Af;52;
20140917;17/09/14;3;OV;Af;1281;
20140917;;;OV;Bij;1281;
20140917;17/09/14;3;IC;Af;22;
20140916;16/09/14;2;BA;Af;16;
20140916;16/09/14;2;BA;Af;42;
20140916;16/09/14;2;BA;Af;6;
20140916;16/09/14;2;BA;Af;23;
20140909;09/09/14;2;BA;Af;33;
20140909;09/09/14;2;BA;Af;15;
20140909;09/09/14;2;BA;Af;171;
20140909;09/09/14;2;BA;Af;22;
20140909;09/09/14;2;BA;Af;63;
20140909;09/09/14;2;BA;Af;6;
20140909;09/09/14;2;BA;Af;31;
20140909;09/09/14;2;BA;Af;2;
20140909;09/09/14;2;BA;Af;2;
20140909;09/09/14;2;IC;Af;199;
20140909;09/09/14;2;IC;Af;24;
20140905;05/09/14;5;IC;Af;64;
20140903;03/09/14;3;IC;Af;86;
20140903;03/09/14;3;IC;Af;86;
20140902;02/09/14;2;BA;Af;53;
20140902;02/09/14;2;BA;Af;8;
20140902;02/09/14;2;BA;Af;3;
20140902;02/09/14;2;BA;Af;4;
20140902;02/09/14;2;BA;Af;10;
20140902;02/09/14;2;BA;Af;6;
20140902;02/09/14;2;BA;Af;21;
20140902;02/09/14;2;IC;Af;715;
20140901;01/09/14;1;IC;Af;229;
20140901;01/09/14;1;IC;Af;86;
20140901;01/09/14;1;IC;Af;1011;
20140828;28/08/14;4;IC;Af;174;
20140828;28/08/14;4;IC;Af;187;
20140826;26/08/14;2;BA;Af;5;
20140826;26/08/14;2;BA;Af;26;
20140826;26/08/14;2;BA;Af;54;
20140826;26/08/14;2;BA;Af;135;
20140826;26/08/14;2;IC;Af;13;
20140825;25/08/14;1;OV;Af;1281;
20140825;;;OV;Bij;1281;
20140825;25/08/14;1;BA;Af;3;
20140822;22/08/14;5;OV;Af;1000;
20140822;;;VZ;Bij;4999;83
20140821;21/08/14;4;GT;Af;112;
20140819;19/08/14;2;BA;Af;4;
20140819;19/08/14;2;BA;Af;29;
20140819;19/08/14;2;BA;Af;10;
20140819;19/08/14;2;BA;Af;13;
20140819;19/08/14;2;BA;Af;54;
20140819;19/08/14;2;IC;Af;50;
20140818;18/08/14;1;IC;Af;21;
20140812;12/08/14;2;BA;Af;35;
20140812;12/08/14;2;BA;Af;5;
20140812;12/08/14;2;BA;Af;40;
20140811;11/08/14;1;OV;Af;500;
20140811;11/08/14;1;BA;Af;3;
20140811;;;VZ;Bij;782;96
20140811;11/08/14;1;IC;Af;199;
20140807;07/08/14;4;IC;Af;24;
20140805;05/08/14;2;BA;Af;11;
20140805;05/08/14;2;BA;Af;27;
20140805;05/08/14;2;BA;Af;78;
20140805;05/08/14;2;BA;Af;3;
20140805;05/08/14;2;IC;Af;64;
20140804;04/08/14;1;BA;Af;1;
20140804;04/08/14;1;OV;Af;1500;
20140804;04/08/14;1;IC;Af;86;
20140804;04/08/14;1;IC;Af;86;
20140801;01/08/14;5;BA;Af;73;
20140801;01/08/14;5;IC;Af;990;
20140801;01/08/14;5;IC;Af;86;
20140801;01/08/14;5;IC;Af;229;
20140731;31/07/14;4;OV;Af;450;
20140731;;;OV;Bij;525;38
20140731;31/07/14;4;BA;Af;1;
20140731;31/07/14;4;BA;Af;2;
20140731;31/07/14;4;BA;Af;40;
20140731;31/07/14;4;IC;Af;1052;
20140730;30/07/14;3;IC;Af;785;
20140730;30/07/14;3;IC;Af;174;
20140729;29/07/14;2;BA;Af;2;
20140729;29/07/14;2;BA;Af;4;
20140729;29/07/14;2;BA;Af;9;
20140729;29/07/14;2;IC;Af;21;
20140728;28/07/14;1;OV;Af;6000;
20140728;;;OV;Bij;6000;
20140728;28/07/14;1;GT;Af;1996;
20140728;28/07/14;1;IC;Af;187;
20140725;25/07/14;5;BA;Af;1;
20140725;25/07/14;5;BA;Af;11;
20140724;24/07/14;4;BA;Af;1;
20140723;;;VZ;Bij;4899;2
20140722;22/07/14;2;BA;Af;10;
20140721;;;OV;Bij;1996;33
20140721;21/07/14;1;IC;Af;51;
20140718;18/07/14;5;IC;Af;19;
20140715;15/07/14;2;DV;Af;9;
20140715;15/07/14;2;DV;Af;3;
20140709;09/07/14;3;OV;Af;1400;
20140709;09/07/14;3;IC;Af;199;
20140709;09/07/14;3;IC;Af;24;
20140707;07/07/14;1;IC;Af;64;
20140702;02/07/14;3;IC;Af;86;
20140702;02/07/14;3;IC;Af;86;
20140702;02/07/14;3;IC;Af;1455;
20140701;01/07/14;2;BA;Af;11;
20140701;01/07/14;2;BA;Af;20;
20140701;01/07/14;2;BA;Af;12;
20140701;01/07/14;2;BA;Af;3;
20140701;;;VZ;Bij;273;78
20140701;01/07/14;2;IC;Af;229;
20140701;01/07/14;2;IC;Af;86;
20140701;01/07/14;2;IC;Af;1009;
20140630;30/06/14;1;GT;Af;21;
20140630;30/06/14;1;BA;Af;6;
20140627;27/06/14;5;BA;Af;12;
20140627;27/06/14;5;BA;Af;45;
20140627;27/06/14;5;IC;Af;187;
20140627;27/06/14;5;IC;Af;195;
20140626;26/06/14;4;GT;Af;19;
20140626;26/06/14;4;BA;Af;16;
20140626;26/06/14;4;BA;Af;17;
20140626;26/06/14;4;BA;Af;20;
20140625;25/06/14;3;BA;Af;5;
20140624;24/06/14;2;OV;Af;10553;
20140624;24/06/14;2;GM;Af;150;
20140624;;;OV;Bij;1200;
20140624;;;OV;Bij;9353;
20140624;24/06/14;2;BA;Af;15;
20140624;24/06/14;2;BA;Af;4;
20140624;24/06/14;2;BA;Af;10;
20140624;;;VZ;Bij;145;84
20140624;;;VZ;Bij;1206;95
20140623;23/06/14;1;GM;Af;40;
20140623;23/06/14;1;OV;Af;100;
20140623;23/06/14;1;OV;Af;607;
20140623;23/06/14;1;BA;Af;14;
20140623;23/06/14;1;BA;Af;13;
20140623;;;VZ;Bij;4908;32
20140620;20/06/14;5;GT;Af;10;
20140620;20/06/14;5;BA;Af;40;
20140620;20/06/14;5;BA;Af;6;
20140620;20/06/14;5;BA;Af;4;
20140620;20/06/14;5;BA;Af;16;
20140620;20/06/14;5;BA;Af;7;
20140619;19/06/14;4;GM;Af;40;
20140619;19/06/14;4;BA;Af;7;
20140619;19/06/14;4;BA;Af;6;
20140619;19/06/14;4;IC;Af;65;
20140618;;;OV;Bij;29;95
20140617;17/06/14;2;BA;Af;2;
20140617;17/06/14;2;BA;Af;5;
20140617;17/06/14;2;BA;Af;2;
20140616;16/06/14;1;BA;Af;3;
20140616;16/06/14;1;GT;Af;100;
20140616;16/06/14;1;IC;Af;19;
20140613;13/06/14;5;IC;Af;30;
20140612;12/06/14;4;OV;Af;2855;
20140612;;;OV;Bij;2854;76
20140612;12/06/14;4;BA;Af;24;
20140612;12/06/14;4;BA;Af;3;
20140612;12/06/14;4;BA;Af;7;
20140612;12/06/14;4;BA;Af;4;
20140612;12/06/14;4;BA;Af;10;
20140610;10/06/14;2;BA;Af;26;
20140610;10/06/14;2;BA;Af;3;
20140610;10/06/14;2;IC;Af;24;
20140610;10/06/14;2;IC;Af;199;
20140609;09/06/14;1;BA;Af;4;
20140605;05/06/14;4;GT;Af;41;
20140605;05/06/14;4;BA;Af;24;
20140605;05/06/14;4;IC;Af;64;
20140604;04/06/14;3;BA;Af;8;
20140604;04/06/14;3;BA;Af;40;
20140603;03/06/14;2;BA;Af;25;
20140603;03/06/14;2;BA;Af;6;
20140603;03/06/14;2;BA;Af;10;
20140603;03/06/14;2;BA;Af;5;
20140603;03/06/14;2;IC;Af;86;
20140603;03/06/14;2;IC;Af;86;
20140602;02/06/14;1;IC;Af;229;
20140602;02/06/14;1;IC;Af;1009;
20140602;02/06/14;1;IC;Af;86;
20140602;02/06/14;1;IC;Af;443;
20140530;30/05/14;5;BA;Af;1;
20140530;30/05/14;5;BA;Af;9;
20140529;29/05/14;4;BA;Af;15;
20140529;29/05/14;4;IC;Af;187;
20140528;28/05/14;3;IC;Af;196;
20140527;27/05/14;2;BA;Af;26;
20140527;27/05/14;2;BA;Af;28;
20140527;27/05/14;2;BA;Af;9;
20140527;27/05/14;2;IC;Af;6;
20140523;23/05/14;5;OV;Af;1200;
20140523;23/05/14;5;BA;Af;9;
20140523;23/05/14;5;BA;Af;6;
20140523;23/05/14;5;BA;Af;4;
20140523;;;VZ;Bij;4908;32
20140521;;;OV;Bij;200;
20140521;21/05/14;3;BA;Af;5;
20140520;20/05/14;2;BA;Af;49;
20140520;20/05/14;2;BA;Af;7;
20140520;20/05/14;2;BA;Af;4;
20140520;20/05/14;2;BA;Af;18;
20140520;20/05/14;2;BA;Af;131;
20140520;20/05/14;2;BA;Af;3;
20140520;20/05/14;2;BA;Af;9;
20140520;20/05/14;2;BA;Af;75;
20140520;20/05/14;2;DV;Af;6;
20140520;20/05/14;2;DV;Af;3;
20140520;20/05/14;2;IC;Af;63;
20140519;19/05/14;1;BA;Af;5;
20140519;;;OV;Bij;300;
20140516;16/05/14;5;BA;Af;20;
20140516;16/05/14;5;BA;Af;40;
20140516;16/05/14;5;BA;Af;1;
20140516;16/05/14;5;IC;Af;22;
20140516;16/05/14;5;IC;Af;24;
20140515;15/05/14;4;BA;Af;2;
20140515;15/05/14;4;BA;Af;8;
20140513;13/05/14;2;BA;Af;28;
20140513;13/05/14;2;BA;Af;12;
20140513;13/05/14;2;BA;Af;69;
20140513;13/05/14;2;BA;Af;62;
20140513;13/05/14;2;BA;Af;20;
20140513;13/05/14;2;BA;Af;2;
20140513;13/05/14;2;BA;Af;16;
20140513;13/05/14;2;BA;Af;21;
20140513;13/05/14;2;BA;Af;2;
20140512;12/05/14;1;BA;Af;4;
20140512;12/05/14;1;BA;Af;69;
20140509;09/05/14;5;GM;Af;25;
20140509;09/05/14;5;BA;Af;5;
20140509;09/05/14;5;OV;Af;1700;
20140509;09/05/14;5;IC;Af;199;
20140508;;;OV;Bij;1994;33
20140508;08/05/14;4;BA;Af;7;
20140506;;;OV;Bij;500;
20140506;06/05/14;2;GT;Af;195;
20140506;06/05/14;2;BA;Af;5;
20140506;06/05/14;2;BA;Af;16;
20140506;06/05/14;2;BA;Af;10;
20140506;06/05/14;2;BA;Af;17;
20140506;06/05/14;2;IC;Af;64;
20140505;05/05/14;1;BA;Af;28;
20140505;05/05/14;1;BA;Af;16;
20140505;;;OV;Bij;250;
20140505;05/05/14;1;IC;Af;75;
20140505;05/05/14;1;IC;Af;86;
20140505;05/05/14;1;IC;Af;86;
20140502;02/05/14;5;IC;Af;1006;
20140502;02/05/14;5;IC;Af;86;
20140502;02/05/14;5;IC;Af;229;
20140430;30/04/14;3;IC;Af;315;
20140429;29/04/14;2;BA;Af;5;
20140429;29/04/14;2;BA;Af;54;
20140429;29/04/14;2;BA;Af;20;
20140429;29/04/14;2;BA;Af;8;
20140429;29/04/14;2;BA;Af;8;
20140429;29/04/14;2;BA;Af;33;
20140429;29/04/14;2;IC;Af;197;
20140429;29/04/14;2;IC;Af;13;
20140428;28/04/14;1;BA;Af;45;
20140428;28/04/14;1;BA;Af;20;
20140428;28/04/14;1;BA;Af;20;
20140428;28/04/14;1;GM;Af;100;
20140428;28/04/14;1;IC;Af;187;
20140425;;;VZ;Bij;163;98
20140425;25/04/14;5;BA;Af;3;
20140425;25/04/14;5;BA;Af;4;
20140424;24/04/14;4;BA;Af;3;
20140424;24/04/14;4;BA;Af;11;
20140423;23/04/14;3;OV;Af;3000;
20140423;23/04/14;3;BA;Af;13;
20140423;23/04/14;3;BA;Af;8;
20140423;23/04/14;3;BA;Af;24;
20140423;23/04/14;3;BA;Af;3;
20140423;23/04/14;3;BA;Af;64;
20140423;23/04/14;3;BA;Af;17;
20140423;23/04/14;3;BA;Af;27;
20140423;23/04/14;3;BA;Af;21;
20140423;23/04/14;3;BA;Af;54;
20140423;23/04/14;3;BA;Af;15;
20140423;23/04/14;3;BA;Af;3;
20140423;23/04/14;3;BA;Af;4;
20140423;;;VZ;Bij;4908;32
20140422;22/04/14;2;BA;Af;45;
20140422;22/04/14;2;BA;Af;28;
20140422;22/04/14;2;BA;Af;1;
20140422;22/04/14;2;BA;Af;6;
20140422;22/04/14;2;IC;Af;63;
20140416;16/04/14;3;IC;Af;19;
20140415;15/04/14;2;GT;Af;84;
20140415;15/04/14;2;GT;Af;10;
20140415;15/04/14;2;BA;Af;5;
20140415;15/04/14;2;BA;Af;12;
20140415;15/04/14;2;BA;Af;3;
20140415;15/04/14;2;BA;Af;3;
20140415;15/04/14;2;BA;Af;3;
20140415;15/04/14;2;BA;Af;3;
20140415;15/04/14;2;BA;Af;39;
20140415;15/04/14;2;BA;Af;15;
20140415;15/04/14;2;BA;Af;1;
20140415;15/04/14;2;BA;Af;9;
20140415;15/04/14;2;BA;Af;5;
20140415;15/04/14;2;BA;Af;9;
20140414;14/04/14;1;BA;Af;28;
20140414;14/04/14;1;BA;Af;44;
20140411;11/04/14;5;BA;Af;3;
20140411;11/04/14;5;BA;Af;1;
20140411;11/04/14;5;BA;Af;4;
20140411;11/04/14;5;BA;Af;4;
20140411;11/04/14;5;BA;Af;25;
20140411;11/04/14;5;BA;Af;10;
20140411;11/04/14;5;BA;Af;1;
20140410;10/04/14;4;GT;Af;478;
20140410;10/04/14;4;BA;Af;1;
20140410;10/04/14;4;BA;Af;5;
20140409;09/04/14;3;BA;Af;2;
20140409;09/04/14;3;IC;Af;24;
20140409;09/04/14;3;IC;Af;206;
20140408;08/04/14;2;BA;Af;21;
20140408;08/04/14;2;BA;Af;10;
20140408;08/04/14;2;BA;Af;4;
20140408;08/04/14;2;BA;Af;6;
20140408;08/04/14;2;BA;Af;50;
20140408;08/04/14;2;BA;Af;43;
20140408;08/04/14;2;BA;Af;71;
20140408;08/04/14;2;BA;Af;16;
20140407;07/04/14;1;BA;Af;5;
20140407;07/04/14;1;IC;Af;64;
20140403;;;OV;Bij;1996;33
20140403;03/04/14;4;BA;Af;2;
20140403;03/04/14;4;BA;Af;7;
20140401;01/04/14;2;BA;Af;6;
20140401;01/04/14;2;BA;Af;18;
20140401;01/04/14;2;BA;Af;55;
20140401;01/04/14;2;BA;Af;28;
20140401;01/04/14;2;BA;Af;21;
20140401;01/04/14;2;BA;Af;16;
20140401;;;VZ;Bij;273;78
20140401;01/04/14;2;IC;Af;200;
20140401;01/04/14;2;IC;Af;86;
20140401;01/04/14;2;IC;Af;1005;
20140401;01/04/14;2;IC;Af;229;
20140331;31/03/14;1;BA;Af;7;
20140331;31/03/14;1;BA;Af;15;
20140331;31/03/14;1;BA;Af;3;
20140331;31/03/14;1;OV;Af;2000;
20140331;31/03/14;1;IC;Af;86;
20140331;31/03/14;1;IC;Af;86;
20140328;;;OV;Bij;1996;33
20140328;;;OV;Bij;2000;
20140328;28/03/14;5;IC;Af;1130;
20140327;27/03/14;4;IC;Af;187;
20140325;25/03/14;2;BA;Af;5;
20140325;25/03/14;2;BA;Af;41;
20140325;25/03/14;2;BA;Af;57;
20140325;25/03/14;2;BA;Af;6;
20140325;25/03/14;2;BA;Af;13;
20140325;25/03/14;2;BA;Af;2;
20140325;25/03/14;2;BA;Af;5;
20140324;24/03/14;1;BA;Af;16;
20140321;21/03/14;5;OV;Af;3500;
20140321;21/03/14;5;BA;Af;4;
20140321;21/03/14;5;BA;Af;2;
20140321;21/03/14;5;BA;Af;17;
20140321;;;VZ;Bij;4707;28
20140319;19/03/14;3;BA;Af;67;
20140319;19/03/14;3;BA;Af;13;
20140319;19/03/14;3;BA;Af;10;
20140318;18/03/14;2;GM;Af;40;
20140318;18/03/14;2;BA;Af;6;
20140318;18/03/14;2;BA;Af;3;
20140318;18/03/14;2;IC;Af;81;
20140318;18/03/14;2;IC;Af;21;
20140317;17/03/14;1;OV;Af;510;
20140317;;;OV;Bij;86;55
20140317;;;OV;Bij;364;96
20140317;17/03/14;1;GT;Af;38;
20140311;11/03/14;2;BA;Af;3;
20140311;11/03/14;2;BA;Af;25;
20140311;11/03/14;2;BA;Af;12;
20140311;11/03/14;2;BA;Af;6;
20140310;;;VZ;Bij;376;47
20140310;10/03/14;1;IC;Af;2439;
20140310;10/03/14;1;IC;Af;206;
20140307;07/03/14;5;BA;Af;8;
20140307;07/03/14;5;IC;Af;24;
20140305;05/03/14;3;BA;Af;5;
20140305;05/03/14;3;BA;Af;5;
20140305;05/03/14;3;BA;Af;6;
20140305;05/03/14;3;BA;Af;22;
20140305;05/03/14;3;IC;Af;64;
20140304;04/03/14;2;BA;Af;18;
20140304;04/03/14;2;BA;Af;2;
20140304;04/03/14;2;BA;Af;4;
20140304;04/03/14;2;BA;Af;9;
20140304;04/03/14;2;BA;Af;3;
20140304;04/03/14;2;BA;Af;7;
20140304;04/03/14;2;BA;Af;5;
20140304;04/03/14;2;BA;Af;22;
20140304;04/03/14;2;BA;Af;12;
20140304;04/03/14;2;BA;Af;2;
20140304;04/03/14;2;BA;Af;12;
20140304;;;VZ;Bij;476;2
20140303;03/03/14;1;GT;Af;36;
20140303;03/03/14;1;BA;Af;3;
20140303;03/03/14;1;GM;Af;70;
20140303;;;OV;Bij;500;
20140303;03/03/14;1;GT;Af;30;
20140303;03/03/14;1;IC;Af;86;
20140303;03/03/14;1;IC;Af;86;
20140303;03/03/14;1;IC;Af;1004;
20140303;03/03/14;1;IC;Af;86;
20140303;03/03/14;1;IC;Af;229;
20140227;27/02/14;4;DV;Af;8;
20140227;27/02/14;4;BA;Af;33;
20140227;;;VZ;Bij;1386;31
20140227;27/02/14;4;IC;Af;187;
20140227;27/02/14;4;IC;Af;196;
20140226;;;OV;Bij;1000;
20140226;26/02/14;3;BA;Af;8;
20140225;25/02/14;2;BA;Af;6;
20140225;25/02/14;2;BA;Af;20;
20140224;24/02/14;1;GT;Af;67;
20140224;24/02/14;1;GT;Af;170;
20140224;24/02/14;1;GT;Af;0;
20140224;24/02/14;1;GT;Af;20;
20140221;21/02/14;5;BA;Af;1;
20140221;21/02/14;5;BA;Af;4;
20140221;21/02/14;5;IC;Af;23;
20140220;20/02/14;4;OV;Af;4000;
20140220;;;VZ;Bij;4707;28
20140218;18/02/14;2;BA;Af;6;
20140218;18/02/14;2;IC;Af;57;
20140214;14/02/14;5;BA;Af;6;
20140210;10/02/14;1;IC;Af;206;
20140207;07/02/14;5;BA;Af;4;
20140207;07/02/14;5;IC;Af;24;
20140206;;;VZ;Bij;1256;9
20140205;05/02/14;3;GT;Af;2628;
20140205;05/02/14;3;IC;Af;64;
20140204;;;OV;Bij;2628;
20140204;04/02/14;2;BA;Af;9;
20140204;04/02/14;2;BA;Af;70;
20140204;04/02/14;2;BA;Af;8;
20140204;04/02/14;2;BA;Af;21;
20140204;04/02/14;2;BA;Af;49;
20140204;04/02/14;2;IC;Af;1007;
20140204;04/02/14;2;IC;Af;229;
20140203;03/02/14;1;BA;Af;62;
20140203;03/02/14;1;BA;Af;7;
20140203;03/02/14;1;BA;Af;6;
20140203;03/02/14;1;BA;Af;62;
20140203;;;OV;Bij;1000;
20140203;03/02/14;1;OV;Af;500;
20140203;03/02/14;1;IC;Af;86;
20140131;31/01/14;5;GM;Af;200;
20140131;31/01/14;5;GM;Af;50;
20140131;31/01/14;5;BA;Af;3;
20140130;30/01/14;4;IC;Af;195;
20140130;30/01/14;4;IC;Af;187;
20140129;;;OV;Bij;1000;
20140129;29/01/14;3;BA;Af;4;
20140129;29/01/14;3;IC;Af;827;
20140129;29/01/14;3;IC;Af;86;
20140129;29/01/14;3;IC;Af;86;
20140128;28/01/14;2;BA;Af;5;
20140128;28/01/14;2;BA;Af;186;
20140128;28/01/14;2;BA;Af;87;
20140128;28/01/14;2;BA;Af;40;
20140128;28/01/14;2;BA;Af;193;
20140128;28/01/14;2;BA;Af;14;
20140127;27/01/14;1;BA;Af;4;
20140127;27/01/14;1;BA;Af;6;
20140127;;;OV;Bij;5000;
20140127;27/01/14;1;GT;Af;5224;
20140123;23/01/14;4;OV;Af;6700;
20140123;;;VZ;Bij;9132;92
20140122;22/01/14;3;BA;Af;25;
20140122;22/01/14;3;BA;Af;4;
20140121;21/01/14;2;BA;Af;59;
20140121;21/01/14;2;BA;Af;5;
20140121;21/01/14;2;BA;Af;42;
20140121;21/01/14;2;BA;Af;35;
20140121;21/01/14;2;BA;Af;27;
20140120;20/01/14;1;BA;Af;6;
20140120;20/01/14;1;IC;Af;25;
20140117;17/01/14;5;BA;Af;5;
20140117;17/01/14;5;IC;Af;49;
20140115;15/01/14;3;BA;Af;11;
20140115;15/01/14;3;BA;Af;6;
20140114;14/01/14;2;BA;Af;46;
20140114;14/01/14;2;BA;Af;3;
20140113;13/01/14;1;BA;Af;4;
20140113;13/01/14;1;GT;Af;30;
20140110;10/01/14;5;BA;Af;28;
20140110;10/01/14;5;BA;Af;7;
20140110;10/01/14;5;BA;Af;1;
20140109;09/01/14;4;IC;Af;206;
20140108;08/01/14;3;OV;Af;400;
20140108;;;OV;Bij;65;45
20140108;;;OV;Bij;338;32
20140108;08/01/14;3;BA;Af;5;
20140108;08/01/14;3;IC;Af;24;
20140107;07/01/14;2;BA;Af;5;
20140107;07/01/14;2;BA;Af;23;
20140107;07/01/14;2;BA;Af;10;
20140107;07/01/14;2;BA;Af;60;
20140107;07/01/14;2;BA;Af;8;
20140106;06/01/14;1;OV;Af;10000;
20140106;06/01/14;1;IC;Af;64;
20140103;03/01/14;5;BA;Af;4;
20140103;03/01/14;5;BA;Af;15;
20140103;03/01/14;5;OV;Af;5200;
20140103;03/01/14;5;IC;Af;187;
20140102;;;OV;Bij;15000;
20140102;;;OV;Bij;959;45
20140102;02/01/14;4;BA;Af;24;
20140102;02/01/14;4;IC;Af;65;
20140102;;;VZ;Bij;273;78
20140102;02/01/14;4;IC;Af;229;
20140102;02/01/14;4;IC;Af;990;
20140102;02/01/14;4;IC;Af;86;
20131231;31/12/13;2;BA;Af;44;
20131231;31/12/13;2;BA;Af;48;
20131231;31/12/13;2;BA;Af;16;
20131231;31/12/13;2;BA;Af;30;
20131231;31/12/13;2;BA;Af;94;
20131231;31/12/13;2;BA;Af;95;
20131231;31/12/13;2;BA;Af;4;
20131231;31/12/13;2;BA;Af;10;
20131231;31/12/13;2;BA;Af;18;
20131231;31/12/13;2;BA;Af;24;
20131231;31/12/13;2;BA;Af;23;
20131231;31/12/13;2;BA;Af;13;
20131231;31/12/13;2;IC;Af;86;
20131231;31/12/13;2;IC;Af;86;
20131230;30/12/13;1;IC;Af;827;
20131230;30/12/13;1;IC;Af;1318;
20131230;30/12/13;1;IC;Af;189;
20131227;27/12/13;5;OV;Af;1500;
20131227;;;VZ;Bij;100;7
20131224;;;OV;Bij;1500;
20131224;24/12/13;2;OV;Af;6987;
20131224;24/12/13;2;GT;Af;5141;
20131224;;;OV;Bij;6987;
20131224;;;OV;Bij;5141;
20131224;24/12/13;2;BA;Af;20;
20131224;24/12/13;2;BA;Af;7;
20131224;24/12/13;2;BA;Af;55;
20131224;24/12/13;2;BA;Af;9;
20131223;23/12/13;1;BA;Af;8;
20131223;23/12/13;1;GM;Af;70;
20131223;23/12/13;1;OV;Af;1200;
20131223;;;VZ;Bij;4689;7
20131219;19/12/13;4;BA;Af;4;
20131219;19/12/13;4;BA;Af;1;
20131219;19/12/13;4;BA;Af;3;
20131218;18/12/13;3;IC;Af;23;
20131218;18/12/13;3;IC;Af;52;
20131217;17/12/13;2;BA;Af;5;
20131217;17/12/13;2;BA;Af;21;
20131217;17/12/13;2;BA;Af;29;
20131217;17/12/13;2;BA;Af;10;
20131217;17/12/13;2;BA;Af;47;
20131217;17/12/13;2;BA;Af;8;
20131217;17/12/13;2;BA;Af;12;
20131217;17/12/13;2;BA;Af;15;
20131217;17/12/13;2;BA;Af;3;
20131212;12/12/13;4;BA;Af;5;
20131211;11/12/13;3;GM;Af;50;
20131210;10/12/13;2;BA;Af;19;
20131210;10/12/13;2;BA;Af;6;
20131210;10/12/13;2;BA;Af;8;
20131210;;;VZ;Bij;13;7
20131210;;;VZ;Bij;1441;53
20131210;10/12/13;2;IC;Af;206;
20131209;09/12/13;1;BA;Af;5;
20131209;09/12/13;1;IC;Af;24;
20131206;;;VZ;Bij;128;63
20131206;06/12/13;5;BA;Af;7;
20131206;06/12/13;5;BA;Af;13;
20131206;06/12/13;5;IC;Af;229;
20131206;06/12/13;5;IC;Af;990;
20131205;05/12/13;4;BA;Af;1;
20131205;05/12/13;4;BA;Af;2;
20131205;05/12/13;4;BA;Af;4;
20131205;05/12/13;4;IC;Af;64;
20131204;04/12/13;3;IC;Af;1253;
20131203;03/12/13;2;OV;Af;1000;
20131203;;;OV;Bij;959;45
20131203;03/12/13;2;BA;Af;12;
20131203;03/12/13;2;BA;Af;23;
20131203;03/12/13;2;BA;Af;8;
20131203;03/12/13;2;BA;Af;4;
20131203;03/12/13;2;IC;Af;85;
20131202;02/12/13;1;GM;Af;50;
20131202;;;VZ;Bij;187;9
20131129;29/11/13;5;OV;Af;850;
20131129;;;OV;Bij;1700;
20131129;29/11/13;5;BA;Af;12;
20131129;29/11/13;5;BA;Af;6;
20131129;29/11/13;5;IC;Af;827;
20131129;29/11/13;5;IC;Af;86;
20131129;29/11/13;5;IC;Af;86;
20131128;;;OV;Bij;1176;
20131128;28/11/13;4;BA;Af;1;
20131128;28/11/13;4;IC;Af;185;
20131126;26/11/13;2;BA;Af;3;
20131126;26/11/13;2;BA;Af;30;
20131126;26/11/13;2;BA;Af;9;
20131126;26/11/13;2;BA;Af;9;
20131126;26/11/13;2;BA;Af;125;
20131125;25/11/13;1;BA;Af;2;
20131125;25/11/13;1;BA;Af;4;
20131122;22/11/13;5;OV;Af;2000;
20131122;22/11/13;5;BA;Af;6;
20131122;;;VZ;Bij;4320;98
20131122;22/11/13;5;IC;Af;48;
20131121;21/11/13;4;BA;Af;2;
20131121;21/11/13;4;BA;Af;17;
20131121;21/11/13;4;BA;Af;5;
20131119;19/11/13;2;BA;Af;6;
20131119;19/11/13;2;BA;Af;11;
20131119;19/11/13;2;BA;Af;1;
20131119;19/11/13;2;BA;Af;36;
20131119;19/11/13;2;BA;Af;5;
20131119;19/11/13;2;IC;Af;25;
20131118;18/11/13;1;BA;Af;1;
20131118;18/11/13;1;BA;Af;2;
20131118;18/11/13;1;BA;Af;5;
20131118;18/11/13;1;BA;Af;5;
20131118;18/11/13;1;BA;Af;6;
20131115;15/11/13;5;BA;Af;7;
20131115;15/11/13;5;BA;Af;2;
20131114;14/11/13;4;IC;Af;712;
20131113;;;OV;Bij;800;
20131113;13/11/13;3;DV;Af;9;
20131112;12/11/13;2;IC;Af;206;
20131112;12/11/13;2;IC;Af;24;
20131108;08/11/13;5;BA;Af;10;
20131108;08/11/13;5;BA;Af;5;
20131107;07/11/13;4;BA;Af;28;
20131105;05/11/13;2;BA;Af;3;
20131105;05/11/13;2;BA;Af;5;
20131105;05/11/13;2;BA;Af;11;
20131105;05/11/13;2;IC;Af;64;
20131104;04/11/13;1;BA;Af;100;
20131104;04/11/13;1;IC;Af;990;
20131104;04/11/13;1;IC;Af;229;
20131101;;;OV;Bij;600;
20131101;01/11/13;5;BA;Af;7;
20131101;01/11/13;5;IC;Af;556;
20131101;01/11/13;5;IC;Af;85;
20131031;31/10/13;4;OV;Af;1500;
20131031;;;OV;Bij;959;45
20131031;;;OV;Bij;923;3
20131031;31/10/13;4;BA;Af;5;
20131031;31/10/13;4;BA;Af;6;
20131031;31/10/13;4;BA;Af;30;
20131031;31/10/13;4;BA;Af;7;
20131031;31/10/13;4;IC;Af;189;
20131031;31/10/13;4;IC;Af;613;
20131030;;;OV;Bij;2000;
20131030;30/10/13;3;BA;Af;92;
20131030;30/10/13;3;BA;Af;28;
20131030;30/10/13;3;BA;Af;25;
20131030;30/10/13;3;IC;Af;1654;
20131030;30/10/13;3;IC;Af;86;
20131030;30/10/13;3;IC;Af;86;
20131029;29/10/13;2;GM;Af;200;
20131029;29/10/13;2;BA;Af;260;
20131029;29/10/13;2;BA;Af;25;
20131029;;;VZ;Bij;29;
20131028;28/10/13;1;BA;Af;11;
20131028;28/10/13;1;BA;Af;28;
20131025;25/10/13;5;IC;Af;15;
20131024;24/10/13;4;BA;Af;1;
20131023;23/10/13;3;OV;Af;12500;
20131023;;;OV;Bij;12488;
20131023;23/10/13;3;OV;Af;3357;
20131023;;;VZ;Bij;4320;98
20131022;22/10/13;2;BA;Af;3;
20131022;22/10/13;2;BA;Af;40;
20131022;22/10/13;2;BA;Af;5;
20131022;22/10/13;2;BA;Af;8;
20131022;22/10/13;2;BA;Af;8;
20131022;22/10/13;2;BA;Af;12;
20131021;21/10/13;1;IC;Af;51;
20131018;18/10/13;5;BA;Af;27;
20131018;18/10/13;5;BA;Af;9;
20131018;18/10/13;5;IC;Af;23;
20131017;17/10/13;4;BA;Af;3;
20131017;17/10/13;4;BA;Af;17;
20131017;17/10/13;4;BA;Af;5;
20131016;16/10/13;3;BA;Af;12;
20131015;15/10/13;2;OV;Af;100;
20131015;15/10/13;2;GM;Af;70;
20131015;15/10/13;2;BA;Af;6;
20131010;10/10/13;4;IC;Af;206;
20131010;10/10/13;4;BA;Af;6;
20131009;09/10/13;3;IC;Af;60;
20131009;09/10/13;3;BA;Af;18;
20131008;08/10/13;2;BA;Af;4;
20131007;07/10/13;1;BA;Af;8;
20131007;07/10/13;1;IC;Af;24;
20131007;07/10/13;1;GT;Af;76;
20131007;07/10/13;1;IC;Af;64;
20131004;04/10/13;5;OV;Af;999;
20131004;04/10/13;5;BA;Af;4;
20131004;04/10/13;5;BA;Af;1;
20131004;04/10/13;5;BA;Af;29;
20131003;;;OV;Bij;207;4
20131003;03/10/13;4;BA;Af;5;
20131002;;;OV;Bij;959;45
20131002;02/10/13;3;IC;Af;990;
20131002;02/10/13;3;IC;Af;229;
20131002;02/10/13;3;IC;Af;501;
20131001;01/10/13;2;BA;Af;28;
20131001;01/10/13;2;BA;Af;15;
20131001;01/10/13;2;BA;Af;11;
20131001;01/10/13;2;BA;Af;5;
20131001;01/10/13;2;BA;Af;3;
20131001;01/10/13;2;BA;Af;30;
20131001;01/10/13;2;BA;Af;5;
20131001;01/10/13;2;IC;Af;86;
20131001;01/10/13;2;IC;Af;86;
20131001;;;VZ;Bij;232;71
20131001;01/10/13;2;IC;Af;85;
20130930;30/09/13;1;IC;Af;189;
20130927;27/09/13;5;GM;Af;50;
20130927;27/09/13;5;BA;Af;30;
20130926;26/09/13;4;BA;Af;6;
20130926;26/09/13;4;BA;Af;1;
20130926;26/09/13;4;IC;Af;31;
20130924;;;VZ;Bij;612;5
20130924;24/09/13;2;BA;Af;28;
20130924;24/09/13;2;BA;Af;15;
20130924;24/09/13;2;BA;Af;34;
20130924;24/09/13;2;BA;Af;25;
20130923;23/09/13;1;OV;Af;700;
20130923;;;VZ;Bij;4320;98
20130920;20/09/13;5;BA;Af;2;
20130920;20/09/13;5;BA;Af;40;
20130919;19/09/13;4;BA;Af;4;
20130919;19/09/13;4;BA;Af;3;
20130919;19/09/13;4;BA;Af;8;
20130918;18/09/13;3;IC;Af;22;
20130917;17/09/13;2;BA;Af;1;
20130917;17/09/13;2;BA;Af;5;
20130917;17/09/13;2;BA;Af;32;
20130917;17/09/13;2;BA;Af;41;
20130917;17/09/13;2;BA;Af;12;
20130917;17/09/13;2;BA;Af;8;
20130913;13/09/13;5;GT;Af;15;
20130913;13/09/13;5;BA;Af;20;
20130913;13/09/13;5;BA;Af;5;
20130912;12/09/13;4;BA;Af;4;
20130912;12/09/13;4;BA;Af;1;
20130912;12/09/13;4;BA;Af;17;
20130910;10/09/13;2;IC;Af;60;
20130910;10/09/13;2;IC;Af;206;
20130910;10/09/13;2;BA;Af;2;
20130910;10/09/13;2;BA;Af;20;
20130910;10/09/13;2;BA;Af;2;
20130910;10/09/13;2;BA;Af;13;
20130909;;;OV;Bij;959;45
20130906;06/09/13;5;IC;Af;4;
20130906;06/09/13;5;BA;Af;8;
20130906;06/09/13;5;BA;Af;13;
20130905;05/09/13;4;IC;Af;64;
20130905;05/09/13;4;BA;Af;1;
20130905;05/09/13;4;IC;Af;24;
20130903;03/09/13;2;BA;Af;53;
20130903;03/09/13;2;BA;Af;38;
20130903;03/09/13;2;BA;Af;77;
20130903;03/09/13;2;BA;Af;48;
20130903;03/09/13;2;BA;Af;30;
20130903;03/09/13;2;BA;Af;12;
20130903;03/09/13;2;IC;Af;990;
20130903;03/09/13;2;IC;Af;229;
20130902;02/09/13;1;IC;Af;85;
20130902;02/09/13;1;BA;Af;3;
20130902;02/09/13;1;BA;Af;2;
20130902;02/09/13;1;IC;Af;420;
20130902;02/09/13;1;IC;Af;186;
20130902;;;OV;Bij;1000;
20130902;02/09/13;1;GT;Af;170;
20130830;30/08/13;5;GT;Af;500;
20130830;30/08/13;5;BA;Af;6;
20130830;30/08/13;5;BA;Af;5;
20130830;30/08/13;5;IC;Af;189;
20130829;29/08/13;4;BA;Af;13;
20130829;29/08/13;4;BA;Af;10;
20130829;29/08/13;4;BA;Af;5;
20130829;29/08/13;4;BA;Af;4;
20130829;29/08/13;4;IC;Af;86;
20130829;29/08/13;4;IC;Af;86;
20130828;28/08/13;3;BA;Af;28;
20130827;27/08/13;2;GM;Af;300;
20130827;27/08/13;2;BA;Af;110;
20130827;27/08/13;2;BA;Af;14;
20130827;27/08/13;2;BA;Af;20;
20130827;27/08/13;2;BA;Af;27;
20130827;27/08/13;2;BA;Af;145;
20130827;27/08/13;2;BA;Af;20;
20130827;27/08/13;2;BA;Af;56;
20130827;27/08/13;2;IC;Af;31;
20130826;26/08/13;1;BA;Af;3;
20130826;26/08/13;1;GM;Af;150;
20130823;23/08/13;5;OV;Af;2000;
20130823;;;VZ;Bij;4126;49
20130822;22/08/13;4;BA;Af;5;
20130820;20/08/13;2;BA;Af;15;
20130820;20/08/13;2;BA;Af;9;
20130816;16/08/13;5;IC;Af;23;
20130814;14/08/13;3;DV;Af;9;
20130813;;;VZ;Bij;420;25
20130813;13/08/13;2;BA;Af;8;
20130812;12/08/13;1;IC;Af;206;
20130812;12/08/13;1;BA;Af;7;
20130809;09/08/13;5;IC;Af;64;
20130809;09/08/13;5;IC;Af;60;
20130809;09/08/13;5;IC;Af;4;
20130809;09/08/13;5;BA;Af;3;
20130808;08/08/13;4;BA;Af;2;
20130808;08/08/13;4;BA;Af;5;
20130807;;;VZ;Bij;413;
20130806;06/08/13;2;BA;Af;6;
20130806;06/08/13;2;BA;Af;4;
20130806;06/08/13;2;BA;Af;7;
20130806;06/08/13;2;BA;Af;36;
20130806;06/08/13;2;BA;Af;22;
20130805;;;VZ;Bij;15;4
20130805;05/08/13;1;OV;Af;1800;
20130805;05/08/13;1;GM;Af;50;
20130805;;;OV;Bij;959;45
20130805;;;OV;Bij;807;32
20130805;05/08/13;1;BA;Af;5;
20130805;05/08/13;1;IC;Af;24;
20130802;02/08/13;5;BA;Af;17;
20130802;02/08/13;5;BA;Af;5;
20130802;02/08/13;5;BA;Af;3;
20130802;02/08/13;5;IC;Af;989;
20130802;02/08/13;5;IC;Af;229;
20130801;;;OV;Bij;1400;
20130801;01/08/13;4;IC;Af;1352;
20130731;31/07/13;3;IC;Af;188;
20130731;31/07/13;3;IC;Af;86;
20130731;31/07/13;3;IC;Af;86;
20130730;30/07/13;2;BA;Af;50;
20130726;26/07/13;5;IC;Af;91;
20130726;26/07/13;5;IC;Af;31;
20130723;23/07/13;2;OV;Af;1909;
20130723;;;VZ;Bij;3939;78
20130722;22/07/13;1;BA;Af;2;
20130722;22/07/13;1;BA;Af;21;
20130719;19/07/13;5;BA;Af;6;
20130718;18/07/13;4;GM;Af;150;
20130718;18/07/13;4;BA;Af;5;
20130717;;;OV;Bij;500;
20130717;17/07/13;3;IC;Af;21;
20130716;16/07/13;2;GT;Af;405;
20130716;16/07/13;2;BA;Af;34;
20130716;16/07/13;2;BA;Af;5;
20130716;16/07/13;2;BA;Af;3;
20130716;16/07/13;2;BA;Af;6;
20130716;16/07/13;2;BA;Af;26;
20130716;16/07/13;2;BA;Af;3;
20130716;16/07/13;2;BA;Af;12;
20130716;16/07/13;2;BA;Af;48;
20130716;16/07/13;2;BA;Af;8;
20130716;16/07/13;2;BA;Af;31;
20130715;15/07/13;1;OV;Af;800;
20130712;12/07/13;5;BA;Af;2;
20130711;11/07/13;4;BA;Af;10;
20130711;11/07/13;4;BA;Af;171;
20130711;11/07/13;4;BA;Af;51;
20130710;10/07/13;3;IC;Af;206;
20130710;10/07/13;3;BA;Af;5;
20130710;10/07/13;3;BA;Af;20;
20130709;09/07/13;2;IC;Af;60;
20130709;09/07/13;2;BA;Af;13;
20130709;09/07/13;2;BA;Af;9;
20130709;09/07/13;2;BA;Af;15;
20130709;09/07/13;2;BA;Af;8;
20130709;09/07/13;2;BA;Af;17;
20130708;08/07/13;1;OV;Af;1500;
20130708;;;OV;Bij;1364;73
20130708;08/07/13;1;IC;Af;64;
20130708;08/07/13;1;BA;Af;3;
20130705;05/07/13;5;IC;Af;4;
20130705;05/07/13;5;BA;Af;14;
20130705;05/07/13;5;BA;Af;2;
20130705;05/07/13;5;BA;Af;8;
20130705;05/07/13;5;BA;Af;32;
20130705;05/07/13;5;IC;Af;24;
20130704;04/07/13;4;BA;Af;5;
20130702;02/07/13;2;IC;Af;47;
20130702;02/07/13;2;BA;Af;5;
20130702;02/07/13;2;BA;Af;73;
20130702;02/07/13;2;BA;Af;6;
20130702;02/07/13;2;BA;Af;5;
20130702;02/07/13;2;BA;Af;21;
20130702;02/07/13;2;BA;Af;38;
20130702;02/07/13;2;BA;Af;5;
20130702;02/07/13;2;BA;Af;51;
20130702;02/07/13;2;BA;Af;1;
20130702;02/07/13;2;BA;Af;83;
20130702;02/07/13;2;BA;Af;5;
20130702;02/07/13;2;BA;Af;3;
20130702;02/07/13;2;BA;Af;102;
20130702;02/07/13;2;IC;Af;988;
20130702;02/07/13;2;IC;Af;229;
20130701;01/07/13;1;BA;Af;1;
20130701;01/07/13;1;BA;Af;4;
20130701;01/07/13;1;BA;Af;31;
20130701;01/07/13;1;IC;Af;86;
20130701;01/07/13;1;IC;Af;86;
20130701;01/07/13;1;GM;Af;350;
20130701;;;VZ;Bij;232;71
20130628;28/06/13;5;IC;Af;187;
20130627;27/06/13;4;OV;Af;15000;
20130627;;;OV;Bij;15000;
20130627;;;OV;Bij;4000;
20130627;27/06/13;4;BA;Af;76;
20130627;27/06/13;4;BA;Af;20;
20130627;27/06/13;4;BA;Af;3;
20130626;26/06/13;3;BA;Af;4;
20130626;26/06/13;3;IC;Af;31;
20130625;25/06/13;2;BA;Af;9;
20130625;25/06/13;2;BA;Af;47;
20130625;25/06/13;2;BA;Af;7;
20130625;25/06/13;2;BA;Af;40;
20130624;24/06/13;1;GM;Af;500;
20130624;24/06/13;1;GM;Af;650;
20130624;24/06/13;1;OV;Af;1500;
20130621;21/06/13;5;OV;Af;500;
20130621;;;VZ;Bij;3939;78
20130621;21/06/13;5;BA;Af;5;
20130620;20/06/13;4;GM;Af;50;
20130620;20/06/13;4;BA;Af;2;
20130619;19/06/13;3;GT;Af;195;
20130619;19/06/13;3;BA;Af;5;
20130618;18/06/13;2;BA;Af;83;
20130618;18/06/13;2;BA;Af;28;
20130618;18/06/13;2;BA;Af;19;
20130618;18/06/13;2;BA;Af;19;
20130618;18/06/13;2;BA;Af;67;
20130618;18/06/13;2;BA;Af;11;
20130618;18/06/13;2;BA;Af;12;
20130618;18/06/13;2;BA;Af;25;
20130618;18/06/13;2;IC;Af;37;
20130617;17/06/13;1;BA;Af;12;
20130612;12/06/13;3;BA;Af;113;
20130611;11/06/13;2;IC;Af;206;
20130611;11/06/13;2;IC;Af;60;
20130611;11/06/13;2;BA;Af;15;
20130611;11/06/13;2;BA;Af;6;
20130610;10/06/13;1;OV;Af;20800;
20130610;;;OV;Bij;20500;
20130607;07/06/13;5;IC;Af;4;
20130606;06/06/13;4;OV;Af;1364;
20130606;06/06/13;4;IC;Af;64;
20130606;06/06/13;4;IC;Af;86;
20130606;06/06/13;4;IC;Af;86;
20130605;;;OV;Bij;1364;73
20130605;05/06/13;3;BA;Af;6;
20130605;05/06/13;3;IC;Af;24;
20130604;04/06/13;2;IC;Af;47;
20130604;04/06/13;2;BA;Af;8;
20130604;04/06/13;2;BA;Af;3;
20130604;04/06/13;2;BA;Af;6;
20130604;04/06/13;2;IC;Af;989;
20130604;04/06/13;2;IC;Af;229;
20130603;03/06/13;1;OV;Af;11000;
20130603;;;OV;Bij;10959;
20130603;03/06/13;1;OV;Af;22500;
20130603;03/06/13;1;BA;Af;11;
20130603;03/06/13;1;BA;Af;10;
20130603;;;OV;Bij;22345;
20130531;31/05/13;5;BA;Af;7;
20130531;31/05/13;5;BA;Af;9;
20130531;31/05/13;5;IC;Af;191;
20130531;31/05/13;5;IC;Af;191;
20130530;30/05/13;4;BA;Af;1;
20130530;30/05/13;4;BA;Af;3;
20130529;29/05/13;3;OV;Af;49998;
20130529;;;OV;Bij;100;
20130529;;;OV;Bij;48668;
20130528;28/05/13;2;BA;Af;6;
20130528;28/05/13;2;BA;Af;3;
20130528;28/05/13;2;BA;Af;15;
20130528;28/05/13;2;BA;Af;7;
20130528;28/05/13;2;IC;Af;31;
20130527;27/05/13;1;GM;Af;40;
20130527;27/05/13;1;GM;Af;20;
20130527;;;OV;Bij;1332;
20130524;24/05/13;5;BA;Af;33;
20130524;24/05/13;5;BA;Af;5;
20130523;23/05/13;4;OV;Af;3400;
20130523;;;VZ;Bij;7301;4
20130523;23/05/13;4;BA;Af;3;
20130522;22/05/13;3;BA;Af;39;
20130521;21/05/13;2;BA;Af;15;
20130521;21/05/13;2;BA;Af;8;
20130521;21/05/13;2;BA;Af;23;
20130521;21/05/13;2;BA;Af;13;
20130521;21/05/13;2;OV;Af;50000;
20130520;;;OV;Bij;50000;
20130520;20/05/13;1;BA;Af;5;
20130520;20/05/13;1;IC;Af;31;
20130517;17/05/13;5;GM;Af;38;
20130517;17/05/13;5;BA;Af;4;
20130516;16/05/13;4;BA;Af;9;
20130516;16/05/13;4;BA;Af;32;
20130515;15/05/13;3;DV;Af;9;
20130514;14/05/13;2;IC;Af;206;
20130514;14/05/13;2;BA;Af;37;
20130514;14/05/13;2;BA;Af;5;
20130514;14/05/13;2;BA;Af;106;
20130514;14/05/13;2;BA;Af;600;
20130514;14/05/13;2;BA;Af;5;
20130514;14/05/13;2;BA;Af;14;
20130514;14/05/13;2;BA;Af;115;
20130513;13/05/13;1;OV;Af;50;
20130513;13/05/13;1;OV;Af;50000;
20130513;13/05/13;1;BA;Af;582;
20130513;13/05/13;1;BA;Af;59;
20130510;;;OV;Bij;10000;
20130510;;;VZ;Bij;53;12
20130510;10/05/13;5;IC;Af;4;
20130509;09/05/13;4;IC;Af;885;
20130509;09/05/13;4;IC;Af;60;
20130509;09/05/13;4;BA;Af;1;
20130509;09/05/13;4;BA;Af;4;
20130509;09/05/13;4;BA;Af;5;
20130509;09/05/13;4;BA;Af;27;
20130508;08/05/13;3;OV;Af;2209;
20130508;08/05/13;3;OV;Af;13000;
20130507;;;OV;Bij;55000;
20130507;;;OV;Bij;2209;17
20130507;07/05/13;2;IC;Af;64;
20130507;07/05/13;2;BA;Af;21;
20130506;06/05/13;1;OV;Af;13000;
20130506;06/05/13;1;OV;Af;13;
20130506;06/05/13;1;IC;Af;24;
20130506;;;OV;Bij;13000;
20130503;03/05/13;5;IC;Af;47;
20130503;03/05/13;5;IC;Af;989;
20130503;03/05/13;5;IC;Af;229;
20130503;03/05/13;5;IC;Af;86;
20130503;03/05/13;5;IC;Af;86;
20130503;03/05/13;5;IC;Af;551;
20130429;29/04/13;1;IC;Af;191;
20130426;;;VZ;Bij;85;
20130426;26/04/13;5;IC;Af;31;
20130425;25/04/13;4;GM;Af;150;
20130425;25/04/13;4;BA;Af;10;
20130425;25/04/13;4;BA;Af;10;
20130425;25/04/13;4;BA;Af;5;
20130423;;;OV;Bij;1600;
20130423;23/04/13;2;OV;Af;1600;
20130423;23/04/13;2;OV;Af;1600;
20130423;;;VZ;Bij;4406;77
20130423;;;VZ;Bij;69;64
20130423;;;VZ;Bij;114;81
20130423;23/04/13;2;BA;Af;6;
20130423;23/04/13;2;BA;Af;40;
20130423;23/04/13;2;BA;Af;45;
20130423;23/04/13;2;BA;Af;0;
20130423;23/04/13;2;BA;Af;8;
20130423;23/04/13;2;BA;Af;4;
20130423;23/04/13;2;BA;Af;10;
20130423;23/04/13;2;BA;Af;4;
20130423;23/04/13;2;BA;Af;8;
20130423;23/04/13;2;BA;Af;7;
20130423;23/04/13;2;BA;Af;50;
20130423;23/04/13;2;BA;Af;23;
20130423;23/04/13;2;BA;Af;20;
20130418;18/04/13;4;BA;Af;3;
20130417;;;OV;Bij;56;5
20130417;;;OV;Bij;258;62
20130416;16/04/13;2;BA;Af;6;
20130416;16/04/13;2;BA;Af;22;
20130416;16/04/13;2;BA;Af;12;
20130416;16/04/13;2;BA;Af;68;
20130416;16/04/13;2;BA;Af;13;
20130416;16/04/13;2;BA;Af;25;
20130416;16/04/13;2;BA;Af;10;
20130416;16/04/13;2;BA;Af;22;
20130416;16/04/13;2;BA;Af;88;
20130416;16/04/13;2;BA;Af;54;
20130416;16/04/13;2;BA;Af;8;
20130415;15/04/13;1;BA;Af;5;
20130415;15/04/13;1;BA;Af;53;
20130412;12/04/13;5;IC;Af;4;
20130412;12/04/13;5;BA;Af;3;
20130411;11/04/13;4;BA;Af;94;
20130410;10/04/13;3;IC;Af;121;
20130409;09/04/13;2;IC;Af;60;
20130409;09/04/13;2;BA;Af;14;
20130409;09/04/13;2;BA;Af;37;
20130409;09/04/13;2;BA;Af;10;
20130408;08/04/13;1;GT;Af;600;
20130408;08/04/13;1;IC;Af;64;
20130408;08/04/13;1;OV;Af;1000;
20130405;05/04/13;5;BA;Af;16;
20130405;05/04/13;5;BA;Af;9;
20130405;05/04/13;5;BA;Af;36;
20130405;05/04/13;5;IC;Af;24;
20130404;04/04/13;4;GM;Af;40;
20130404;04/04/13;4;IC;Af;47;
20130404;04/04/13;4;IC;Af;2420;
20130403;03/04/13;3;GT;Af;700;
20130403;03/04/13;3;BA;Af;5;
20130403;03/04/13;3;GM;Af;301;
20130403;03/04/13;3;BA;Af;68;
20130403;03/04/13;3;BA;Af;11;
20130403;03/04/13;3;BA;Af;27;
20130403;03/04/13;3;IC;Af;989;
20130403;03/04/13;3;IC;Af;229;
20130403;;;OV;Bij;1000;
20130402;;;OV;Bij;2209;17
20130402;;;VZ;Bij;232;71
20130402;02/04/13;2;BA;Af;30;
20130402;02/04/13;2;IC;Af;86;
20130402;02/04/13;2;IC;Af;86;
20130402;;;OV;Bij;1000;
20130328;28/03/13;4;GT;Af;67;
20130328;28/03/13;4;IC;Af;191;
20130327;27/03/13;3;BA;Af;10;
20130326;26/03/13;2;BA;Af;7;
20130326;26/03/13;2;BA;Af;7;
20130326;26/03/13;2;BA;Af;67;
20130326;26/03/13;2;BA;Af;335;
20130326;26/03/13;2;BA;Af;31;
20130326;26/03/13;2;BA;Af;16;
20130326;26/03/13;2;IC;Af;31;
20130325;;;OV;Bij;551;2
20130325;25/03/13;1;BA;Af;6;
20130325;25/03/13;1;OV;Af;500;
20130322;22/03/13;5;OV;Af;2500;
20130322;;;VZ;Bij;4253;77
20130320;20/03/13;3;BA;Af;1;
20130320;20/03/13;3;BA;Af;14;
20130319;19/03/13;2;GM;Af;50;
20130319;19/03/13;2;BA;Af;8;
20130319;19/03/13;2;BA;Af;16;
20130319;19/03/13;2;BA;Af;7;
20130319;19/03/13;2;BA;Af;2;
20130319;19/03/13;2;BA;Af;6;
20130319;19/03/13;2;BA;Af;3;
20130319;19/03/13;2;BA;Af;16;
20130318;18/03/13;1;BA;Af;30;
20130314;;;VZ;Bij;845;
20130312;12/03/13;2;IC;Af;121;
20130312;12/03/13;2;BA;Af;20;
20130312;12/03/13;2;BA;Af;16;
20130312;12/03/13;2;BA;Af;20;
20130311;11/03/13;1;IC;Af;60;
20130311;11/03/13;1;BA;Af;19;
20130311;11/03/13;1;GM;Af;200;
20130308;08/03/13;5;OV;Af;2501;
20130308;08/03/13;5;BA;Af;17;
20130307;;;OV;Bij;2450;69
20130307;07/03/13;4;IC;Af;64;
20130307;07/03/13;4;BA;Af;3;
20130306;06/03/13;3;BA;Af;43;
20130306;06/03/13;3;BA;Af;45;
20130305;05/03/13;2;GT;Af;1000;
20130305;05/03/13;2;BA;Af;10;
20130305;05/03/13;2;BA;Af;37;
20130305;05/03/13;2;BA;Af;6;
20130305;05/03/13;2;BA;Af;6;
20130305;05/03/13;2;IC;Af;24;
20130304;;;OV;Bij;1500;
20130304;04/03/13;1;IC;Af;47;
20130304;04/03/13;1;IC;Af;988;
20130304;04/03/13;1;IC;Af;229;
20130304;04/03/13;1;IC;Af;86;
20130304;04/03/13;1;IC;Af;86;
20130228;28/02/13;4;IC;Af;192;
20130226;26/02/13;2;BA;Af;5;
20130226;26/02/13;2;BA;Af;8;
20130226;26/02/13;2;BA;Af;1;
20130226;26/02/13;2;BA;Af;18;
20130226;26/02/13;2;BA;Af;4;
20130226;26/02/13;2;BA;Af;16;
20130226;26/02/13;2;BA;Af;6;
20130226;26/02/13;2;BA;Af;19;
20130226;26/02/13;2;BA;Af;16;
20130226;26/02/13;2;IC;Af;31;
20130225;;;VZ;Bij;83;1
20130225;;;VZ;Bij;69;9
20130225;25/02/13;1;BA;Af;7;
20130225;25/02/13;1;GM;Af;249;
20130222;22/02/13;5;OV;Af;2000;
20130222;;;VZ;Bij;4406;77
20130220;20/02/13;3;OV;Af;49995;
20130220;20/02/13;3;OV;Af;50;
20130219;19/02/13;2;BA;Af;37;
20130219;19/02/13;2;BA;Af;27;
20130219;19/02/13;2;BA;Af;7;
20130219;19/02/13;2;BA;Af;61;
20130219;19/02/13;2;BA;Af;41;
20130219;19/02/13;2;BA;Af;6;
20130219;19/02/13;2;BA;Af;4;
20130218;18/02/13;1;GT;Af;70;
20130218;;;OV;Bij;49950;
20130218;18/02/13;1;GM;Af;50;
20130218;18/02/13;1;GT;Af;5;
20130215;;;VZ;Bij;100;
20130215;15/02/13;5;BA;Af;1321;
20130213;13/02/13;3;DV;Af;9;
20130212;;;VZ;Bij;1165;53
20130212;;;VZ;Bij;974;52
20130212;12/02/13;2;IC;Af;121;
20130212;12/02/13;2;BA;Af;40;
20130212;12/02/13;2;BA;Af;37;
20130212;12/02/13;2;BA;Af;18;
20130212;12/02/13;2;GT;Af;48;
20130211;11/02/13;1;IC;Af;60;
20130211;11/02/13;1;BA;Af;19;
20130211;11/02/13;1;BA;Af;7;
20130208;08/02/13;5;OV;Af;5000;
20130208;;;OV;Bij;5000;
20130208;08/02/13;5;BA;Af;200;
20130208;08/02/13;5;BA;Af;83;
20130207;07/02/13;4;GM;Af;100;
20130207;;;OV;Bij;1000;
20130207;07/02/13;4;IC;Af;64;
20130207;07/02/13;4;BA;Af;4;
20130206;06/02/13;3;BA;Af;5;
20130205;05/02/13;2;BA;Af;6;
20130205;05/02/13;2;BA;Af;13;
20130205;05/02/13;2;BA;Af;3;
20130205;05/02/13;2;BA;Af;25;
20130205;05/02/13;2;BA;Af;6;
20130205;05/02/13;2;BA;Af;9;
20130205;05/02/13;2;BA;Af;5;
20130205;05/02/13;2;BA;Af;20;
20130205;05/02/13;2;BA;Af;80;
20130205;05/02/13;2;BA;Af;2;
20130205;05/02/13;2;BA;Af;20;
20130205;05/02/13;2;IC;Af;24;
20130204;04/02/13;1;GM;Af;70;
20130204;04/02/13;1;IC;Af;47;
20130204;04/02/13;1;IC;Af;988;
20130204;04/02/13;1;IC;Af;229;
20130201;01/02/13;5;OV;Af;65500;
20130201;;;OV;Bij;65100;
20130201;01/02/13;5;BA;Af;27;
20130131;31/01/13;4;IC;Af;190;
20130129;29/01/13;2;BA;Af;15;
20130129;29/01/13;2;BA;Af;5;
20130129;29/01/13;2;BA;Af;152;
20130129;29/01/13;2;BA;Af;13;
20130129;29/01/13;2;BA;Af;29;
20130129;29/01/13;2;BA;Af;6;
20130128;28/01/13;1;GT;Af;25;
20130128;28/01/13;1;IC;Af;31;
20130128;28/01/13;1;GT;Af;676;
20130124;24/01/13;4;OV;Af;1000;
20130123;23/01/13;3;OV;Af;3500;
20130123;;;VZ;Bij;6144;23
20130123;23/01/13;3;BA;Af;50;
20130122;22/01/13;2;BA;Af;54;
20130122;22/01/13;2;BA;Af;18;
20130122;22/01/13;2;BA;Af;40;
20130122;22/01/13;2;BA;Af;23;
20130122;22/01/13;2;BA;Af;5;
20130122;22/01/13;2;BA;Af;3;
20130118;18/01/13;5;GM;Af;50;
20130118;18/01/13;5;BA;Af;5;
20130116;16/01/13;3;GT;Af;1000;
20130116;16/01/13;3;DV;Af;12;
20130116;16/01/13;3;BA;Af;12;
20130115;;;VZ;Bij;250;92
20130115;;;VZ;Bij;472;64
20130115;15/01/13;2;BA;Af;4;
20130115;15/01/13;2;BA;Af;27;
20130115;15/01/13;2;BA;Af;7;
20130114;14/01/13;1;BA;Af;11;
20130114;14/01/13;1;OV;Af;12999;
20130111;11/01/13;5;GT;Af;21;
20130111;11/01/13;5;BA;Af;18;
20130111;11/01/13;5;BA;Af;44;
20130110;;;OV;Bij;15000;
20130110;10/01/13;4;IC;Af;121;
20130110;10/01/13;4;BA;Af;8;
20130109;09/01/13;3;IC;Af;60;
20130109;09/01/13;3;IC;Af;60;
20130109;09/01/13;3;BA;Af;4;
20130109;09/01/13;3;BA;Af;24;
20130108;08/01/13;2;IC;Af;64;
20130108;08/01/13;2;BA;Af;8;
20130108;08/01/13;2;BA;Af;36;
20130108;08/01/13;2;BA;Af;6;
20130108;08/01/13;2;BA;Af;10;
20130108;08/01/13;2;BA;Af;3;
20130108;08/01/13;2;BA;Af;8;
20130107;07/01/13;1;GM;Af;25;
20130107;07/01/13;1;IC;Af;9;
20130107;07/01/13;1;IC;Af;24;
20130103;;;VZ;Bij;232;71
20130103;03/01/13;4;IC;Af;47;
20130103;03/01/13;4;IC;Af;987;
20130103;03/01/13;4;IC;Af;229;
20130102;02/01/13;3;IC;Af;64;
20130102;02/01/13;3;BA;Af;7;
20130102;02/01/13;3;BA;Af;3;
20121231;31/12/12;1;IC;Af;10;
20121231;31/12/12;1;IC;Af;191;
20121231;31/12/12;1;GT;Af;62;
20121231;;;OV;Bij;19000;
20121231;31/12/12;1;GT;Af;19000;
20121231;31/12/12;1;OV;Af;6989;
20121228;28/12/12;5;BA;Af;7;
20121228;28/12/12;5;BA;Af;85;
20121228;28/12/12;5;BA;Af;23;
20121228;28/12/12;5;BA;Af;16;
20121228;28/12/12;5;IC;Af;31;
20121227;27/12/12;4;BA;Af;22;
20121227;27/12/12;4;BA;Af;13;
20121227;27/12/12;4;BA;Af;5;
20121227;27/12/12;4;BA;Af;63;
20121227;27/12/12;4;BA;Af;8;
20121227;27/12/12;4;BA;Af;27;
20121227;27/12/12;4;BA;Af;18;
20121227;27/12/12;4;BA;Af;47;
20121227;27/12/12;4;IC;Af;962;
20121224;24/12/12;1;GM;Af;200;
20121224;24/12/12;1;GT;Af;15000;
20121224;24/12/12;1;BA;Af;10;
20121224;24/12/12;1;BA;Af;14;
20121224;24/12/12;1;BA;Af;50;
20121224;24/12/12;1;GT;Af;1452;
20121221;;;OV;Bij;15000;
20121221;;;VZ;Bij;5785;77
20121221;21/12/12;5;IC;Af;9;
20121220;;;VZ;Bij;5812;16
20121219;19/12/12;3;BA;Af;26;
20121218;18/12/12;2;BA;Af;6;
20121218;18/12/12;2;BA;Af;75;
20121218;18/12/12;2;BA;Af;15;
20121217;17/12/12;1;BA;Af;8;
20121212;12/12/12;3;GT;Af;17;
20121211;;;VZ;Bij;20;
20121211;;;VZ;Bij;43;
20121211;;;VZ;Bij;29;
20121211;11/12/12;2;IC;Af;121;
20121211;11/12/12;2;BA;Af;30;
20121211;11/12/12;2;BA;Af;12;
20121211;11/12/12;2;BA;Af;39;
20121211;11/12/12;2;BA;Af;42;
20121210;10/12/12;1;IC;Af;24;
20121207;07/12/12;5;BA;Af;53;
20121207;07/12/12;5;BA;Af;7;
20121206;06/12/12;4;BA;Af;4;
20121205;05/12/12;3;BA;Af;10;
20121205;05/12/12;3;BA;Af;9;
20121205;05/12/12;3;BA;Af;7;
20121204;04/12/12;2;OV;Af;19000;
20121204;;;OV;Bij;20000;
20121204;04/12/12;2;BA;Af;3;
20121204;04/12/12;2;BA;Af;5;
20121204;04/12/12;2;BA;Af;102;
20121204;04/12/12;2;BA;Af;8;
20121204;04/12/12;2;BA;Af;19;
20121204;04/12/12;2;IC;Af;988;
20121204;04/12/12;2;IC;Af;229;
20121203;03/12/12;1;GT;Af;58;
20121203;;;OV;Bij;33250;
20121203;03/12/12;1;GT;Af;34902;
20121130;30/11/12;5;BA;Af;24;
20121130;30/11/12;5;IC;Af;190;
20121129;;;OV;Bij;1800;
20121129;29/11/12;4;BA;Af;4;
20121129;29/11/12;4;BA;Af;8;
20121128;;;OV;Bij;190;
20121128;28/11/12;3;IC;Af;962;
20121127;27/11/12;2;GT;Af;473;
20121127;27/11/12;2;GM;Af;50;
20121127;27/11/12;2;GT;Af;502;
20121127;27/11/12;2;BA;Af;6;
20121127;27/11/12;2;BA;Af;15;
20121127;27/11/12;2;BA;Af;6;
20121127;27/11/12;2;BA;Af;12;
20121127;27/11/12;2;BA;Af;60;
20121127;27/11/12;2;BA;Af;3;
20121127;27/11/12;2;BA;Af;23;
20121127;27/11/12;2;IC;Af;31;
20121126;26/11/12;1;OV;Af;4500;
20121126;26/11/12;1;BA;Af;5;
20121123;23/11/12;5;GT;Af;900;
20121123;;;VZ;Bij;4672;17
20121122;;;VZ;Bij;4686;22
20121121;21/11/12;3;BA;Af;9;
20121120;20/11/12;2;BA;Af;12;
20121120;20/11/12;2;BA;Af;65;
20121120;20/11/12;2;BA;Af;3;
20121120;20/11/12;2;BA;Af;14;
20121119;19/11/12;1;GM;Af;250;
20121119;19/11/12;1;GT;Af;20030;
20121119;;;OV;Bij;19950;
20121115;15/11/12;4;GM;Af;50;
20121115;15/11/12;4;OV;Af;5;
20121115;15/11/12;4;OV;Af;45;
20121115;15/11/12;4;BA;Af;2;
20121115;15/11/12;4;BA;Af;3;
20121114;14/11/12;3;DV;Af;8;
20121114;14/11/12;3;BA;Af;10;
20121114;14/11/12;3;BA;Af;10;
20121113;13/11/12;2;BA;Af;15;
20121113;13/11/12;2;BA;Af;9;
20121113;13/11/12;2;BA;Af;21;
20121109;09/11/12;5;BA;Af;34;
20121109;09/11/12;5;BA;Af;33;
20121108;08/11/12;4;BA;Af;11;
20121108;08/11/12;4;BA;Af;20;
20121108;08/11/12;4;BA;Af;22;
20121107;07/11/12;3;GT;Af;50;
20121106;06/11/12;2;BA;Af;5;
20121106;06/11/12;2;BA;Af;77;
20121106;06/11/12;2;BA;Af;390;
20121105;05/11/12;1;GM;Af;300;
20121105;05/11/12;1;GT;Af;300;
20121105;;;OV;Bij;800;
20121102;02/11/12;5;GT;Af;225;
20121102;02/11/12;5;GT;Af;335;
20121102;02/11/12;5;BA;Af;8;
20121102;02/11/12;5;IC;Af;1284;
20121102;02/11/12;5;IC;Af;266;
20121102;02/11/12;5;GT;Af;200;
20121101;01/11/12;4;BA;Af;6;
20121030;30/10/12;2;BA;Af;5;
20121030;30/10/12;2;BA;Af;15;
20121030;30/10/12;2;BA;Af;36;
20121030;30/10/12;2;BA;Af;17;
20121030;30/10/12;2;BA;Af;8;
20121030;;;OV;Bij;2000;
20121029;29/10/12;1;BA;Af;1180;
20121029;29/10/12;1;BA;Af;6;
20121029;29/10/12;1;IC;Af;962;
20121026;26/10/12;5;GT;Af;26;
20121025;25/10/12;4;GT;Af;5000;
20121025;25/10/12;4;BA;Af;4;
20121025;25/10/12;4;BA;Af;13;
20121024;;;VZ;Bij;5755;22
20121024;24/10/12;3;GT;Af;1000;
20121024;24/10/12;3;GT;Af;418;
20121024;24/10/12;3;GT;Af;427;
20121024;24/10/12;3;GT;Af;427;
20121024;24/10/12;3;BA;Af;6;
20121023;;;VZ;Bij;4672;17
20121023;23/10/12;2;BA;Af;32;
20121023;23/10/12;2;BA;Af;6;
20121023;23/10/12;2;BA;Af;24;
20121023;23/10/12;2;BA;Af;46;
20121023;23/10/12;2;BA;Af;10;
20121023;23/10/12;2;BA;Af;6;
20121023;23/10/12;2;BA;Af;19;
20121023;23/10/12;2;BA;Af;3;
20121023;23/10/12;2;BA;Af;4;
20121022;22/10/12;1;BA;Af;5;
20121017;17/10/12;3;BA;Af;5;
20121016;16/10/12;2;BA;Af;34;
20121016;16/10/12;2;BA;Af;4;
20121016;16/10/12;2;BA;Af;29;
20121016;16/10/12;2;BA;Af;18;
20121015;15/10/12;1;GM;Af;25;
20121009;;;GT;Bij;50;
20121009;09/10/12;2;BA;Af;64;
20121009;09/10/12;2;BA;Af;13;
20121009;09/10/12;2;BA;Af;6;
20121008;08/10/12;1;GM;Af;25;
20121008;08/10/12;1;BA;Af;10;
20121008;08/10/12;1;GT;Af;50;
20121005;;;VZ;Bij;115;72
20121003;03/10/12;3;GT;Af;300;
20121003;03/10/12;3;BA;Af;10;
20121003;03/10/12;3;BA;Af;9;
20121003;03/10/12;3;BA;Af;30;
20121002;02/10/12;2;BA;Af;16;
20121002;02/10/12;2;BA;Af;35;
20121002;02/10/12;2;BA;Af;3;
20121002;02/10/12;2;BA;Af;21;
20121002;02/10/12;2;BA;Af;37;
20121002;02/10/12;2;BA;Af;38;
20121002;02/10/12;2;BA;Af;7;
20121002;02/10/12;2;BA;Af;89;
20121002;02/10/12;2;IC;Af;1286;
20121002;02/10/12;2;IC;Af;266;
20121001;01/10/12;1;OV;Af;9500;
20120928;;;OV;Bij;9751;
20120928;;;OV;Bij;1129;
20120928;28/09/12;5;BA;Af;16;
20120928;28/09/12;5;IC;Af;1924;
20120927;27/09/12;4;GT;Af;1000;
20120927;;;VZ;Bij;30;5
20120927;27/09/12;4;BA;Af;4;
20120926;26/09/12;3;OV;Af;5000;
20120926;;;VZ;Bij;19;73
20120926;;;VZ;Bij;70;54
20120926;;;VZ;Bij;473;39
20120925;25/09/12;2;BA;Af;12;
20120925;25/09/12;2;BA;Af;8;
20120925;25/09/12;2;BA;Af;6;
20120925;25/09/12;2;BA;Af;5;
20120925;25/09/12;2;BA;Af;1049;
20120925;25/09/12;2;BA;Af;4;
20120925;25/09/12;2;BA;Af;119;
20120925;25/09/12;2;BA;Af;118;
20120925;25/09/12;2;BA;Af;287;
20120925;25/09/12;2;BA;Af;49;
20120924;;;VZ;Bij;4421;89
20120921;;;VZ;Bij;4592;75
20120921;21/09/12;5;BA;Af;14;
20120919;19/09/12;3;BA;Af;10;
20120919;19/09/12;3;BA;Af;3;
20120918;18/09/12;2;BA;Af;6;
20120918;18/09/12;2;BA;Af;2;
20120918;18/09/12;2;BA;Af;83;
20120918;18/09/12;2;BA;Af;40;
20120918;18/09/12;2;BA;Af;22;
20120918;18/09/12;2;BA;Af;10;
20120918;18/09/12;2;BA;Af;15;
20120918;18/09/12;2;BA;Af;5;
20120917;17/09/12;1;GT;Af;140;
20120917;17/09/12;1;GT;Af;500;
20120914;14/09/12;5;BA;Af;7;
20120913;13/09/12;4;BA;Af;32;
20120911;11/09/12;2;GM;Af;50;
20120911;11/09/12;2;BA;Af;40;
20120911;11/09/12;2;BA;Af;150;
20120911;11/09/12;2;BA;Af;26;
20120911;11/09/12;2;BA;Af;4;
20120911;11/09/12;2;BA;Af;114;
20120911;11/09/12;2;BA;Af;49;
20120910;10/09/12;1;BA;Af;33;
20120910;10/09/12;1;BA;Af;99;
20120910;10/09/12;1;BA;Af;5;
20120910;10/09/12;1;GT;Af;44;
20120905;05/09/12;3;GM;Af;50;
20120905;05/09/12;3;BA;Af;5;
20120905;05/09/12;3;BA;Af;11;
20120905;05/09/12;3;BA;Af;9;
20120905;05/09/12;3;BA;Af;1152;
20120905;05/09/12;3;BA;Af;44;
20120904;04/09/12;2;BA;Af;27;
20120904;04/09/12;2;BA;Af;2;
20120904;04/09/12;2;BA;Af;87;
20120904;04/09/12;2;BA;Af;4;
20120904;04/09/12;2;IC;Af;1296;
20120904;04/09/12;2;IC;Af;266;
20120903;03/09/12;1;GM;Af;5;
20120903;03/09/12;1;BA;Af;30;
20120903;03/09/12;1;BA;Af;6;
20120903;03/09/12;1;BA;Af;6;
20120903;03/09/12;1;BA;Af;41;
20120903;03/09/12;1;BA;Af;4;
20120831;31/08/12;5;BA;Af;65;
20120831;31/08/12;5;BA;Af;32;
20120830;30/08/12;4;OV;Af;26000;
20120830;30/08/12;4;BA;Af;27;
20120828;;;OV;Bij;15000;
20120823;;;VZ;Bij;4174;18
20120815;15/08/12;3;DV;Af;8;
20120809;09/08/12;4;BA;Af;12;
20120809;09/08/12;4;BA;Af;4;
20120807;07/08/12;2;GM;Af;200;
20120807;07/08/12;2;GT;Af;500;
20120806;06/08/12;1;GT;Af;158;
20120806;06/08/12;1;GT;Af;842;
20120802;02/08/12;4;IC;Af;1331;
20120802;02/08/12;4;IC;Af;266;
20120724;;;VZ;Bij;6557;67
20120703;03/07/12;2;BA;Af;23;
20120703;03/07/12;2;BA;Af;40;
20120703;03/07/12;2;IC;Af;1333;
20120703;03/07/12;2;IC;Af;266;
20120702;02/07/12;1;BA;Af;7;
20120702;02/07/12;1;BA;Af;5;
20120629;29/06/12;5;BA;Af;29;
20120628;;;OV;Bij;12;68
20120628;28/06/12;4;BA;Af;6;
20120626;26/06/12;2;BA;Af;6;
20120626;26/06/12;2;BA;Af;34;
20120626;26/06/12;2;BA;Af;30;
20120622;;;VZ;Bij;3619;44
20120620;20/06/12;3;GT;Af;57;
20120606;06/06/12;3;GT;Af;51;
20120606;06/06/12;3;GT;Af;292;
20120604;04/06/12;1;GT;Af;1000;
20120604;04/06/12;1;IC;Af;1335;
20120604;04/06/12;1;IC;Af;266;
20120525;;;OV;Bij;4200;
20120516;16/05/12;3;DV;Af;8;
20120504;04/05/12;5;GT;Af;1000;
20120503;;;OV;Bij;4200;
20120503;03/05/12;4;IC;Af;1345;
20120503;03/05/12;4;IC;Af;266;
20120417;17/04/12;2;BA;Af;18;
20120417;17/04/12;2;BA;Af;3;
20120417;17/04/12;2;BA;Af;6;
20120417;17/04/12;2;BA;Af;15;
20120413;13/04/12;5;GT;Af;297;
20120413;13/04/12;5;BA;Af;3;
20120413;13/04/12;5;BA;Af;20;
20120412;12/04/12;4;BA;Af;16;
20120412;12/04/12;4;BA;Af;4;
20120411;11/04/12;3;BA;Af;8;
20120411;11/04/12;3;BA;Af;80;
20120411;11/04/12;3;BA;Af;6;
20120411;11/04/12;3;BA;Af;7;
20120410;10/04/12;2;GM;Af;50;
20120404;04/04/12;3;GT;Af;1000;
20120403;03/04/12;2;IC;Af;1373;
20120403;03/04/12;2;IC;Af;266;
20120326;;;OV;Bij;4200;
20120326;26/03/12;1;GT;Af;2200;
20120320;20/03/12;2;BA;Af;6;
20120313;13/03/12;2;BA;Af;7;
20120313;13/03/12;2;BA;Af;130;
20120313;13/03/12;2;BA;Af;75;
20120313;13/03/12;2;BA;Af;10;
20120305;;;OV;Bij;4200;
20120305;05/03/12;1;GT;Af;1000;
20120302;02/03/12;5;IC;Af;1411;
20120302;02/03/12;5;IC;Af;266;
20120215;15/02/12;3;DV;Af;8;
20120206;06/02/12;1;GT;Af;1000;
20120202;02/02/12;4;IC;Af;1461;
20120202;02/02/12;4;IC;Af;266;
20120127;;;OV;Bij;4200;
20120116;16/01/12;1;GT;Af;3055;
20120111;11/01/12;3;GT;Af;8879;
20120110;;;VZ;Bij;8878;9
20120110;10/01/12;2;BA;Af;450;
20120109;09/01/12;1;BA;Af;181;
20120106;06/01/12;5;BA;Af;218;
20120106;06/01/12;5;BA;Af;108;
20120105;;;VZ;Bij;2978;83
20120104;04/01/12;3;GT;Af;1000;
20120103;03/01/12;2;GM;Af;900;
20120103;03/01/12;2;BA;Af;466;
20120103;03/01/12;2;BA;Af;135;
20120103;03/01/12;2;BA;Af;25;
20120103;03/01/12;2;BA;Af;262;
20120103;03/01/12;2;BA;Af;83;
20120103;03/01/12;2;BA;Af;88;
20120103;03/01/12;2;BA;Af;33;
20120103;03/01/12;2;IC;Af;1415;
20120103;03/01/12;2;IC;Af;266;
20120102;02/01/12;1;BA;Af;322;